--
-- PostgreSQL database dump
--

-- Dumped from database version 11.1
-- Dumped by pg_dump version 11.1

-- Started on 2019-12-09 22:16:14

SET statement_timeout = 0;
SET lock_timeout = 0;
SET idle_in_transaction_session_timeout = 0;
SET client_encoding = 'UTF8';
SET standard_conforming_strings = on;
SELECT pg_catalog.set_config('search_path', '', false);
SET check_function_bodies = false;
SET client_min_messages = warning;
SET row_security = off;

--
-- TOC entry 270 (class 1255 OID 30743)
-- Name: movedeleted(); Type: FUNCTION; Schema: public; Owner: -
--

CREATE FUNCTION public.movedeleted() RETURNS trigger
    LANGUAGE plpgsql
    AS $$
                BEGIN
                    insert into history_deleted_data(table_name,deleted_data,deleted_time)
                    values(TG_TABLE_NAME,row_to_json(OLD),now());
                    return OLD;
                END;
            $$;


--
-- TOC entry 269 (class 1255 OID 30744)
-- Name: moveupdated(); Type: FUNCTION; Schema: public; Owner: -
--

CREATE FUNCTION public.moveupdated() RETURNS trigger
    LANGUAGE plpgsql
    AS $$
                BEGIN
                    insert into history_updated_data(table_name,updated_data,updated_time)
                    values(TG_TABLE_NAME,row_to_json(OLD),now());
                    return NEW;
                END;
            $$;


SET default_with_oids = false;

--
-- TOC entry 244 (class 1259 OID 33166)
-- Name: acr_histories; Type: TABLE; Schema: public; Owner: -
--

CREATE TABLE public.acr_histories (
    id bigint NOT NULL,
    jo_code character varying(255) NOT NULL,
    judicial_officer_id bigint NOT NULL,
    grade_id integer NOT NULL,
    year integer NOT NULL,
    created_by bigint,
    created_at timestamp(0) without time zone,
    updated_at timestamp(0) without time zone
);


--
-- TOC entry 243 (class 1259 OID 33164)
-- Name: acr_histories_id_seq; Type: SEQUENCE; Schema: public; Owner: -
--

CREATE SEQUENCE public.acr_histories_id_seq
    START WITH 1
    INCREMENT BY 1
    NO MINVALUE
    NO MAXVALUE
    CACHE 1;


--
-- TOC entry 3342 (class 0 OID 0)
-- Dependencies: 243
-- Name: acr_histories_id_seq; Type: SEQUENCE OWNED BY; Schema: public; Owner: -
--

ALTER SEQUENCE public.acr_histories_id_seq OWNED BY public.acr_histories.id;


--
-- TOC entry 214 (class 1259 OID 32853)
-- Name: categories; Type: TABLE; Schema: public; Owner: -
--

CREATE TABLE public.categories (
    id integer NOT NULL,
    category_name character varying(255) NOT NULL,
    created_by bigint,
    created_at timestamp(0) without time zone,
    updated_at timestamp(0) without time zone
);


--
-- TOC entry 213 (class 1259 OID 32851)
-- Name: categories_id_seq; Type: SEQUENCE; Schema: public; Owner: -
--

CREATE SEQUENCE public.categories_id_seq
    AS integer
    START WITH 1
    INCREMENT BY 1
    NO MINVALUE
    NO MAXVALUE
    CACHE 1;


--
-- TOC entry 3343 (class 0 OID 0)
-- Dependencies: 213
-- Name: categories_id_seq; Type: SEQUENCE OWNED BY; Schema: public; Owner: -
--

ALTER SEQUENCE public.categories_id_seq OWNED BY public.categories.id;


--
-- TOC entry 210 (class 1259 OID 32828)
-- Name: courts; Type: TABLE; Schema: public; Owner: -
--

CREATE TABLE public.courts (
    id integer NOT NULL,
    court_name character varying(255) NOT NULL,
    subdivision_id integer NOT NULL,
    latitude double precision,
    longitude double precision,
    created_by bigint,
    created_at timestamp(0) without time zone,
    updated_at timestamp(0) without time zone
);


--
-- TOC entry 209 (class 1259 OID 32826)
-- Name: courts_id_seq; Type: SEQUENCE; Schema: public; Owner: -
--

CREATE SEQUENCE public.courts_id_seq
    AS integer
    START WITH 1
    INCREMENT BY 1
    NO MINVALUE
    NO MAXVALUE
    CACHE 1;


--
-- TOC entry 3344 (class 0 OID 0)
-- Dependencies: 209
-- Name: courts_id_seq; Type: SEQUENCE OWNED BY; Schema: public; Owner: -
--

ALTER SEQUENCE public.courts_id_seq OWNED BY public.courts.id;


--
-- TOC entry 258 (class 1259 OID 33306)
-- Name: departments; Type: TABLE; Schema: public; Owner: -
--

CREATE TABLE public.departments (
    id bigint NOT NULL,
    dept_name character varying(255) NOT NULL,
    created_at timestamp(0) without time zone,
    updated_at timestamp(0) without time zone
);


--
-- TOC entry 257 (class 1259 OID 33304)
-- Name: departments_id_seq; Type: SEQUENCE; Schema: public; Owner: -
--

CREATE SEQUENCE public.departments_id_seq
    START WITH 1
    INCREMENT BY 1
    NO MINVALUE
    NO MAXVALUE
    CACHE 1;


--
-- TOC entry 3345 (class 0 OID 0)
-- Dependencies: 257
-- Name: departments_id_seq; Type: SEQUENCE OWNED BY; Schema: public; Owner: -
--

ALTER SEQUENCE public.departments_id_seq OWNED BY public.departments.id;


--
-- TOC entry 216 (class 1259 OID 32863)
-- Name: designations; Type: TABLE; Schema: public; Owner: -
--

CREATE TABLE public.designations (
    id integer NOT NULL,
    designation_name character varying(255) NOT NULL,
    created_by bigint,
    created_at timestamp(0) without time zone,
    updated_at timestamp(0) without time zone
);


--
-- TOC entry 215 (class 1259 OID 32861)
-- Name: designations_id_seq; Type: SEQUENCE; Schema: public; Owner: -
--

CREATE SEQUENCE public.designations_id_seq
    AS integer
    START WITH 1
    INCREMENT BY 1
    NO MINVALUE
    NO MAXVALUE
    CACHE 1;


--
-- TOC entry 3346 (class 0 OID 0)
-- Dependencies: 215
-- Name: designations_id_seq; Type: SEQUENCE OWNED BY; Schema: public; Owner: -
--

ALTER SEQUENCE public.designations_id_seq OWNED BY public.designations.id;


--
-- TOC entry 232 (class 1259 OID 33066)
-- Name: diaries; Type: TABLE; Schema: public; Owner: -
--

CREATE TABLE public.diaries (
    id bigint NOT NULL,
    judicial_officer_id bigint NOT NULL,
    date_of_schedule date NOT NULL,
    description text NOT NULL,
    created_at timestamp(0) without time zone,
    updated_at timestamp(0) without time zone
);


--
-- TOC entry 231 (class 1259 OID 33064)
-- Name: diaries_id_seq; Type: SEQUENCE; Schema: public; Owner: -
--

CREATE SEQUENCE public.diaries_id_seq
    START WITH 1
    INCREMENT BY 1
    NO MINVALUE
    NO MAXVALUE
    CACHE 1;


--
-- TOC entry 3347 (class 0 OID 0)
-- Dependencies: 231
-- Name: diaries_id_seq; Type: SEQUENCE OWNED BY; Schema: public; Owner: -
--

ALTER SEQUENCE public.diaries_id_seq OWNED BY public.diaries.id;


--
-- TOC entry 206 (class 1259 OID 32793)
-- Name: districts; Type: TABLE; Schema: public; Owner: -
--

CREATE TABLE public.districts (
    id integer NOT NULL,
    district_name character varying(255) NOT NULL,
    state_id integer NOT NULL,
    created_by bigint,
    created_at timestamp(0) without time zone,
    updated_at timestamp(0) without time zone
);


--
-- TOC entry 205 (class 1259 OID 32791)
-- Name: districts_id_seq; Type: SEQUENCE; Schema: public; Owner: -
--

CREATE SEQUENCE public.districts_id_seq
    AS integer
    START WITH 1
    INCREMENT BY 1
    NO MINVALUE
    NO MAXVALUE
    CACHE 1;


--
-- TOC entry 3348 (class 0 OID 0)
-- Dependencies: 205
-- Name: districts_id_seq; Type: SEQUENCE OWNED BY; Schema: public; Owner: -
--

ALTER SEQUENCE public.districts_id_seq OWNED BY public.districts.id;


--
-- TOC entry 264 (class 1259 OID 33342)
-- Name: document_types; Type: TABLE; Schema: public; Owner: -
--

CREATE TABLE public.document_types (
    id integer NOT NULL,
    type_name character varying(255) NOT NULL,
    created_at timestamp(0) without time zone,
    updated_at timestamp(0) without time zone
);


--
-- TOC entry 263 (class 1259 OID 33340)
-- Name: document_types_id_seq; Type: SEQUENCE; Schema: public; Owner: -
--

CREATE SEQUENCE public.document_types_id_seq
    AS integer
    START WITH 1
    INCREMENT BY 1
    NO MINVALUE
    NO MAXVALUE
    CACHE 1;


--
-- TOC entry 3349 (class 0 OID 0)
-- Dependencies: 263
-- Name: document_types_id_seq; Type: SEQUENCE OWNED BY; Schema: public; Owner: -
--

ALTER SEQUENCE public.document_types_id_seq OWNED BY public.document_types.id;


--
-- TOC entry 242 (class 1259 OID 33156)
-- Name: grade_details; Type: TABLE; Schema: public; Owner: -
--

CREATE TABLE public.grade_details (
    id integer NOT NULL,
    grade_name character varying(255) NOT NULL,
    created_by bigint,
    created_at timestamp(0) without time zone,
    updated_at timestamp(0) without time zone
);


--
-- TOC entry 241 (class 1259 OID 33154)
-- Name: grade_details_id_seq; Type: SEQUENCE; Schema: public; Owner: -
--

CREATE SEQUENCE public.grade_details_id_seq
    AS integer
    START WITH 1
    INCREMENT BY 1
    NO MINVALUE
    NO MAXVALUE
    CACHE 1;


--
-- TOC entry 3350 (class 0 OID 0)
-- Dependencies: 241
-- Name: grade_details_id_seq; Type: SEQUENCE OWNED BY; Schema: public; Owner: -
--

ALTER SEQUENCE public.grade_details_id_seq OWNED BY public.grade_details.id;


--
-- TOC entry 238 (class 1259 OID 33131)
-- Name: hc_case_types; Type: TABLE; Schema: public; Owner: -
--

CREATE TABLE public.hc_case_types (
    id integer NOT NULL,
    type_name character varying(255) NOT NULL,
    full_form character varying(255) NOT NULL,
    created_by bigint,
    created_at timestamp(0) without time zone,
    updated_at timestamp(0) without time zone
);


--
-- TOC entry 237 (class 1259 OID 33129)
-- Name: hc_case_types_id_seq; Type: SEQUENCE; Schema: public; Owner: -
--

CREATE SEQUENCE public.hc_case_types_id_seq
    AS integer
    START WITH 1
    INCREMENT BY 1
    NO MINVALUE
    NO MAXVALUE
    CACHE 1;


--
-- TOC entry 3351 (class 0 OID 0)
-- Dependencies: 237
-- Name: hc_case_types_id_seq; Type: SEQUENCE OWNED BY; Schema: public; Owner: -
--

ALTER SEQUENCE public.hc_case_types_id_seq OWNED BY public.hc_case_types.id;


--
-- TOC entry 256 (class 1259 OID 33289)
-- Name: history_deleted_data; Type: TABLE; Schema: public; Owner: -
--

CREATE TABLE public.history_deleted_data (
    id bigint NOT NULL,
    table_name character varying(255) NOT NULL,
    deleted_data json NOT NULL,
    deleted_time timestamp(0) without time zone NOT NULL
);


--
-- TOC entry 255 (class 1259 OID 33287)
-- Name: history_deleted_data_id_seq; Type: SEQUENCE; Schema: public; Owner: -
--

CREATE SEQUENCE public.history_deleted_data_id_seq
    START WITH 1
    INCREMENT BY 1
    NO MINVALUE
    NO MAXVALUE
    CACHE 1;


--
-- TOC entry 3352 (class 0 OID 0)
-- Dependencies: 255
-- Name: history_deleted_data_id_seq; Type: SEQUENCE OWNED BY; Schema: public; Owner: -
--

ALTER SEQUENCE public.history_deleted_data_id_seq OWNED BY public.history_deleted_data.id;


--
-- TOC entry 254 (class 1259 OID 33278)
-- Name: history_updated_data; Type: TABLE; Schema: public; Owner: -
--

CREATE TABLE public.history_updated_data (
    id bigint NOT NULL,
    table_name character varying(255) NOT NULL,
    updated_data json NOT NULL,
    updated_time timestamp(0) without time zone NOT NULL
);


--
-- TOC entry 253 (class 1259 OID 33276)
-- Name: history_updated_data_id_seq; Type: SEQUENCE; Schema: public; Owner: -
--

CREATE SEQUENCE public.history_updated_data_id_seq
    START WITH 1
    INCREMENT BY 1
    NO MINVALUE
    NO MAXVALUE
    CACHE 1;


--
-- TOC entry 3353 (class 0 OID 0)
-- Dependencies: 253
-- Name: history_updated_data_id_seq; Type: SEQUENCE OWNED BY; Schema: public; Owner: -
--

ALTER SEQUENCE public.history_updated_data_id_seq OWNED BY public.history_updated_data.id;


--
-- TOC entry 266 (class 1259 OID 33350)
-- Name: jo_documents; Type: TABLE; Schema: public; Owner: -
--

CREATE TABLE public.jo_documents (
    id bigint NOT NULL,
    document_type_id integer NOT NULL,
    judicial_officer_id bigint NOT NULL,
    document_path character varying(255) NOT NULL,
    created_at timestamp(0) without time zone,
    updated_at timestamp(0) without time zone
);


--
-- TOC entry 265 (class 1259 OID 33348)
-- Name: jo_documents_id_seq; Type: SEQUENCE; Schema: public; Owner: -
--

CREATE SEQUENCE public.jo_documents_id_seq
    START WITH 1
    INCREMENT BY 1
    NO MINVALUE
    NO MAXVALUE
    CACHE 1;


--
-- TOC entry 3354 (class 0 OID 0)
-- Dependencies: 265
-- Name: jo_documents_id_seq; Type: SEQUENCE OWNED BY; Schema: public; Owner: -
--

ALTER SEQUENCE public.jo_documents_id_seq OWNED BY public.jo_documents.id;


--
-- TOC entry 260 (class 1259 OID 33314)
-- Name: jo_legal_experiences; Type: TABLE; Schema: public; Owner: -
--

CREATE TABLE public.jo_legal_experiences (
    id bigint NOT NULL,
    judicial_officer_id bigint NOT NULL,
    subdivision_id integer NOT NULL,
    from_year integer NOT NULL,
    to_year integer NOT NULL,
    created_at timestamp(0) without time zone,
    updated_at timestamp(0) without time zone
);


--
-- TOC entry 259 (class 1259 OID 33312)
-- Name: jo_legal_experiences_id_seq; Type: SEQUENCE; Schema: public; Owner: -
--

CREATE SEQUENCE public.jo_legal_experiences_id_seq
    START WITH 1
    INCREMENT BY 1
    NO MINVALUE
    NO MAXVALUE
    CACHE 1;


--
-- TOC entry 3355 (class 0 OID 0)
-- Dependencies: 259
-- Name: jo_legal_experiences_id_seq; Type: SEQUENCE OWNED BY; Schema: public; Owner: -
--

ALTER SEQUENCE public.jo_legal_experiences_id_seq OWNED BY public.jo_legal_experiences.id;


--
-- TOC entry 228 (class 1259 OID 33017)
-- Name: jo_reportings; Type: TABLE; Schema: public; Owner: -
--

CREATE TABLE public.jo_reportings (
    id bigint NOT NULL,
    judicial_officer_id bigint NOT NULL,
    posting_id bigint NOT NULL,
    reporting_officer_id bigint,
    other_reporting_officer_name character(255),
    other_reporting_officer_designation character(255),
    created_at timestamp(0) without time zone,
    updated_at timestamp(0) without time zone
);


--
-- TOC entry 227 (class 1259 OID 33015)
-- Name: jo_reportings_id_seq; Type: SEQUENCE; Schema: public; Owner: -
--

CREATE SEQUENCE public.jo_reportings_id_seq
    START WITH 1
    INCREMENT BY 1
    NO MINVALUE
    NO MAXVALUE
    CACHE 1;


--
-- TOC entry 3356 (class 0 OID 0)
-- Dependencies: 227
-- Name: jo_reportings_id_seq; Type: SEQUENCE OWNED BY; Schema: public; Owner: -
--

ALTER SEQUENCE public.jo_reportings_id_seq OWNED BY public.jo_reportings.id;


--
-- TOC entry 248 (class 1259 OID 33206)
-- Name: jo_zone_tenures; Type: TABLE; Schema: public; Owner: -
--

CREATE TABLE public.jo_zone_tenures (
    id bigint NOT NULL,
    judicial_officer_id bigint NOT NULL,
    zone_id integer NOT NULL,
    from_date date NOT NULL,
    to_date date,
    created_at timestamp(0) without time zone,
    updated_at timestamp(0) without time zone
);


--
-- TOC entry 247 (class 1259 OID 33204)
-- Name: jo_zone_tenures_id_seq; Type: SEQUENCE; Schema: public; Owner: -
--

CREATE SEQUENCE public.jo_zone_tenures_id_seq
    START WITH 1
    INCREMENT BY 1
    NO MINVALUE
    NO MAXVALUE
    CACHE 1;


--
-- TOC entry 3357 (class 0 OID 0)
-- Dependencies: 247
-- Name: jo_zone_tenures_id_seq; Type: SEQUENCE OWNED BY; Schema: public; Owner: -
--

ALTER SEQUENCE public.jo_zone_tenures_id_seq OWNED BY public.jo_zone_tenures.id;


--
-- TOC entry 230 (class 1259 OID 33045)
-- Name: judicial_officer_posting_preferences; Type: TABLE; Schema: public; Owner: -
--

CREATE TABLE public.judicial_officer_posting_preferences (
    id bigint NOT NULL,
    judicial_officer_id bigint NOT NULL,
    zone_id integer NOT NULL,
    remarks text NOT NULL,
    final_submission character varying(255) NOT NULL,
    created_by bigint,
    created_at timestamp(0) without time zone,
    updated_at timestamp(0) without time zone
);


--
-- TOC entry 229 (class 1259 OID 33043)
-- Name: judicial_officer_posting_preferences_id_seq; Type: SEQUENCE; Schema: public; Owner: -
--

CREATE SEQUENCE public.judicial_officer_posting_preferences_id_seq
    START WITH 1
    INCREMENT BY 1
    NO MINVALUE
    NO MAXVALUE
    CACHE 1;


--
-- TOC entry 3358 (class 0 OID 0)
-- Dependencies: 229
-- Name: judicial_officer_posting_preferences_id_seq; Type: SEQUENCE OWNED BY; Schema: public; Owner: -
--

ALTER SEQUENCE public.judicial_officer_posting_preferences_id_seq OWNED BY public.judicial_officer_posting_preferences.id;


--
-- TOC entry 268 (class 1259 OID 33990)
-- Name: judicial_officer_postings; Type: TABLE; Schema: public; Owner: -
--

CREATE TABLE public.judicial_officer_postings (
    id bigint NOT NULL,
    judicial_officer_id bigint NOT NULL,
    designation_id integer,
    deputation_designation character varying(255),
    court_id integer,
    deputation_posting_place character varying(255),
    mode_id integer NOT NULL,
    from_date date NOT NULL,
    to_date date,
    posting_remark text,
    created_by integer NOT NULL,
    created_at timestamp(0) without time zone,
    updated_at timestamp(0) without time zone
);


--
-- TOC entry 267 (class 1259 OID 33988)
-- Name: judicial_officer_postings_id_seq; Type: SEQUENCE; Schema: public; Owner: -
--

CREATE SEQUENCE public.judicial_officer_postings_id_seq
    START WITH 1
    INCREMENT BY 1
    NO MINVALUE
    NO MAXVALUE
    CACHE 1;


--
-- TOC entry 3359 (class 0 OID 0)
-- Dependencies: 267
-- Name: judicial_officer_postings_id_seq; Type: SEQUENCE OWNED BY; Schema: public; Owner: -
--

ALTER SEQUENCE public.judicial_officer_postings_id_seq OWNED BY public.judicial_officer_postings.id;


--
-- TOC entry 224 (class 1259 OID 32954)
-- Name: judicial_officer_qualifications; Type: TABLE; Schema: public; Owner: -
--

CREATE TABLE public.judicial_officer_qualifications (
    id bigint NOT NULL,
    judicial_officer_id bigint NOT NULL,
    qualification_id integer NOT NULL,
    passing_year integer NOT NULL,
    created_at timestamp(0) without time zone,
    updated_at timestamp(0) without time zone
);


--
-- TOC entry 223 (class 1259 OID 32952)
-- Name: judicial_officer_qualifications_id_seq; Type: SEQUENCE; Schema: public; Owner: -
--

CREATE SEQUENCE public.judicial_officer_qualifications_id_seq
    START WITH 1
    INCREMENT BY 1
    NO MINVALUE
    NO MAXVALUE
    CACHE 1;


--
-- TOC entry 3360 (class 0 OID 0)
-- Dependencies: 223
-- Name: judicial_officer_qualifications_id_seq; Type: SEQUENCE OWNED BY; Schema: public; Owner: -
--

ALTER SEQUENCE public.judicial_officer_qualifications_id_seq OWNED BY public.judicial_officer_qualifications.id;


--
-- TOC entry 222 (class 1259 OID 32893)
-- Name: judicial_officers; Type: TABLE; Schema: public; Owner: -
--

CREATE TABLE public.judicial_officers (
    id bigint NOT NULL,
    registration_no character varying(255) NOT NULL,
    jo_code character varying(255),
    officer_name character varying(255) NOT NULL,
    gender character varying(255) NOT NULL,
    guardian_name character varying(255) NOT NULL,
    gurdian_relation character varying(255) NOT NULL,
    spouse bigint,
    date_of_birth date NOT NULL,
    home_state_id integer NOT NULL,
    home_district_id integer NOT NULL,
    hometown character varying(255),
    present_address text NOT NULL,
    permanent_address text NOT NULL,
    religion_id integer,
    category_id integer,
    blood_group character varying(255),
    identification_mark character varying(255),
    aadhaar_no character(12),
    pan_no character(10),
    gpf_no character varying(255),
    mobile_no_1 character varying(255) NOT NULL,
    mobile_no_2 character varying(255),
    email_id_1 character varying(255) NOT NULL,
    email_id_2 character varying(255),
    recruitment_batch_id integer NOT NULL,
    date_of_joining date NOT NULL,
    date_of_confirmation date NOT NULL,
    date_of_retirement date NOT NULL,
    profile_image character varying(255),
    created_at timestamp(0) without time zone,
    updated_at timestamp(0) without time zone
);


--
-- TOC entry 221 (class 1259 OID 32891)
-- Name: judicial_officers_id_seq; Type: SEQUENCE; Schema: public; Owner: -
--

CREATE SEQUENCE public.judicial_officers_id_seq
    START WITH 1
    INCREMENT BY 1
    NO MINVALUE
    NO MAXVALUE
    CACHE 1;


--
-- TOC entry 3361 (class 0 OID 0)
-- Dependencies: 221
-- Name: judicial_officers_id_seq; Type: SEQUENCE OWNED BY; Schema: public; Owner: -
--

ALTER SEQUENCE public.judicial_officers_id_seq OWNED BY public.judicial_officers.id;


--
-- TOC entry 262 (class 1259 OID 33332)
-- Name: lcr_departments; Type: TABLE; Schema: public; Owner: -
--

CREATE TABLE public.lcr_departments (
    id bigint NOT NULL,
    lcr_department_name character varying(255) NOT NULL,
    created_at timestamp(0) without time zone,
    updated_at timestamp(0) without time zone
);


--
-- TOC entry 261 (class 1259 OID 33330)
-- Name: lcr_departments_id_seq; Type: SEQUENCE; Schema: public; Owner: -
--

CREATE SEQUENCE public.lcr_departments_id_seq
    START WITH 1
    INCREMENT BY 1
    NO MINVALUE
    NO MAXVALUE
    CACHE 1;


--
-- TOC entry 3362 (class 0 OID 0)
-- Dependencies: 261
-- Name: lcr_departments_id_seq; Type: SEQUENCE OWNED BY; Schema: public; Owner: -
--

ALTER SEQUENCE public.lcr_departments_id_seq OWNED BY public.lcr_departments.id;


--
-- TOC entry 234 (class 1259 OID 33082)
-- Name: lcr_hc_ends; Type: TABLE; Schema: public; Owner: -
--

CREATE TABLE public.lcr_hc_ends (
    id bigint NOT NULL,
    district integer NOT NULL,
    subdivision integer NOT NULL,
    court integer NOT NULL,
    hc_case_record integer NOT NULL,
    hc_case_no integer NOT NULL,
    hc_case_year integer NOT NULL,
    deadline date NOT NULL,
    memo_no character varying(255) NOT NULL,
    status_flag character varying(255),
    memo_date date NOT NULL,
    forwarding_court integer,
    created_by bigint,
    created_at timestamp(0) without time zone,
    updated_at timestamp(0) without time zone
);


--
-- TOC entry 233 (class 1259 OID 33080)
-- Name: lcr_hc_ends_id_seq; Type: SEQUENCE; Schema: public; Owner: -
--

CREATE SEQUENCE public.lcr_hc_ends_id_seq
    START WITH 1
    INCREMENT BY 1
    NO MINVALUE
    NO MAXVALUE
    CACHE 1;


--
-- TOC entry 3363 (class 0 OID 0)
-- Dependencies: 233
-- Name: lcr_hc_ends_id_seq; Type: SEQUENCE OWNED BY; Schema: public; Owner: -
--

ALTER SEQUENCE public.lcr_hc_ends_id_seq OWNED BY public.lcr_hc_ends.id;


--
-- TOC entry 236 (class 1259 OID 33115)
-- Name: lcr_lc_details; Type: TABLE; Schema: public; Owner: -
--

CREATE TABLE public.lcr_lc_details (
    id bigint NOT NULL,
    hc_id bigint NOT NULL,
    lower_case_record character varying(255) NOT NULL,
    lower_case_no integer NOT NULL,
    lower_case_year integer NOT NULL,
    compliance_flag character varying(255),
    created_by bigint,
    created_at timestamp(0) without time zone,
    updated_at timestamp(0) without time zone
);


--
-- TOC entry 235 (class 1259 OID 33113)
-- Name: lcr_lc_details_id_seq; Type: SEQUENCE; Schema: public; Owner: -
--

CREATE SEQUENCE public.lcr_lc_details_id_seq
    START WITH 1
    INCREMENT BY 1
    NO MINVALUE
    NO MAXVALUE
    CACHE 1;


--
-- TOC entry 3364 (class 0 OID 0)
-- Dependencies: 235
-- Name: lcr_lc_details_id_seq; Type: SEQUENCE OWNED BY; Schema: public; Owner: -
--

ALTER SEQUENCE public.lcr_lc_details_id_seq OWNED BY public.lcr_lc_details.id;


--
-- TOC entry 252 (class 1259 OID 33262)
-- Name: lcr_status_checks; Type: TABLE; Schema: public; Owner: -
--

CREATE TABLE public.lcr_status_checks (
    id bigint NOT NULL,
    hc_id bigint NOT NULL,
    remarks character varying(255) NOT NULL,
    memo_no character varying(255) NOT NULL,
    memo_date date NOT NULL,
    created_at timestamp(0) without time zone,
    updated_at timestamp(0) without time zone
);


--
-- TOC entry 251 (class 1259 OID 33260)
-- Name: lcr_status_checks_id_seq; Type: SEQUENCE; Schema: public; Owner: -
--

CREATE SEQUENCE public.lcr_status_checks_id_seq
    START WITH 1
    INCREMENT BY 1
    NO MINVALUE
    NO MAXVALUE
    CACHE 1;


--
-- TOC entry 3365 (class 0 OID 0)
-- Dependencies: 251
-- Name: lcr_status_checks_id_seq; Type: SEQUENCE OWNED BY; Schema: public; Owner: -
--

ALTER SEQUENCE public.lcr_status_checks_id_seq OWNED BY public.lcr_status_checks.id;


--
-- TOC entry 240 (class 1259 OID 33146)
-- Name: lower_case_types; Type: TABLE; Schema: public; Owner: -
--

CREATE TABLE public.lower_case_types (
    id integer NOT NULL,
    type_name character varying(255) NOT NULL,
    created_by bigint,
    created_at timestamp(0) without time zone,
    updated_at timestamp(0) without time zone
);


--
-- TOC entry 239 (class 1259 OID 33144)
-- Name: lower_case_types_id_seq; Type: SEQUENCE; Schema: public; Owner: -
--

CREATE SEQUENCE public.lower_case_types_id_seq
    AS integer
    START WITH 1
    INCREMENT BY 1
    NO MINVALUE
    NO MAXVALUE
    CACHE 1;


--
-- TOC entry 3366 (class 0 OID 0)
-- Dependencies: 239
-- Name: lower_case_types_id_seq; Type: SEQUENCE OWNED BY; Schema: public; Owner: -
--

ALTER SEQUENCE public.lower_case_types_id_seq OWNED BY public.lower_case_types.id;


--
-- TOC entry 197 (class 1259 OID 32750)
-- Name: migrations; Type: TABLE; Schema: public; Owner: -
--

CREATE TABLE public.migrations (
    id integer NOT NULL,
    migration character varying(255) NOT NULL,
    batch integer NOT NULL
);


--
-- TOC entry 196 (class 1259 OID 32748)
-- Name: migrations_id_seq; Type: SEQUENCE; Schema: public; Owner: -
--

CREATE SEQUENCE public.migrations_id_seq
    AS integer
    START WITH 1
    INCREMENT BY 1
    NO MINVALUE
    NO MAXVALUE
    CACHE 1;


--
-- TOC entry 3367 (class 0 OID 0)
-- Dependencies: 196
-- Name: migrations_id_seq; Type: SEQUENCE OWNED BY; Schema: public; Owner: -
--

ALTER SEQUENCE public.migrations_id_seq OWNED BY public.migrations.id;


--
-- TOC entry 226 (class 1259 OID 32974)
-- Name: modes; Type: TABLE; Schema: public; Owner: -
--

CREATE TABLE public.modes (
    id integer NOT NULL,
    posting_mode character varying(255) NOT NULL,
    created_at timestamp(0) without time zone,
    updated_at timestamp(0) without time zone
);


--
-- TOC entry 225 (class 1259 OID 32972)
-- Name: modes_id_seq; Type: SEQUENCE; Schema: public; Owner: -
--

CREATE SEQUENCE public.modes_id_seq
    AS integer
    START WITH 1
    INCREMENT BY 1
    NO MINVALUE
    NO MAXVALUE
    CACHE 1;


--
-- TOC entry 3368 (class 0 OID 0)
-- Dependencies: 225
-- Name: modes_id_seq; Type: SEQUENCE OWNED BY; Schema: public; Owner: -
--

ALTER SEQUENCE public.modes_id_seq OWNED BY public.modes.id;


--
-- TOC entry 200 (class 1259 OID 32764)
-- Name: password_resets; Type: TABLE; Schema: public; Owner: -
--

CREATE TABLE public.password_resets (
    email character varying(255) NOT NULL,
    token character varying(255) NOT NULL,
    created_at timestamp(0) without time zone
);


--
-- TOC entry 212 (class 1259 OID 32843)
-- Name: qualifications; Type: TABLE; Schema: public; Owner: -
--

CREATE TABLE public.qualifications (
    id integer NOT NULL,
    qualification_name character varying(255) NOT NULL,
    created_by bigint,
    created_at timestamp(0) without time zone,
    updated_at timestamp(0) without time zone
);


--
-- TOC entry 211 (class 1259 OID 32841)
-- Name: qualifications_id_seq; Type: SEQUENCE; Schema: public; Owner: -
--

CREATE SEQUENCE public.qualifications_id_seq
    AS integer
    START WITH 1
    INCREMENT BY 1
    NO MINVALUE
    NO MAXVALUE
    CACHE 1;


--
-- TOC entry 3369 (class 0 OID 0)
-- Dependencies: 211
-- Name: qualifications_id_seq; Type: SEQUENCE OWNED BY; Schema: public; Owner: -
--

ALTER SEQUENCE public.qualifications_id_seq OWNED BY public.qualifications.id;


--
-- TOC entry 220 (class 1259 OID 32883)
-- Name: recruitment_batches; Type: TABLE; Schema: public; Owner: -
--

CREATE TABLE public.recruitment_batches (
    id integer NOT NULL,
    recruitment_batch_desc character varying(255) NOT NULL,
    batch_year integer NOT NULL,
    created_by bigint,
    created_at timestamp(0) without time zone,
    updated_at timestamp(0) without time zone
);


--
-- TOC entry 219 (class 1259 OID 32881)
-- Name: recruitment_batches_id_seq; Type: SEQUENCE; Schema: public; Owner: -
--

CREATE SEQUENCE public.recruitment_batches_id_seq
    AS integer
    START WITH 1
    INCREMENT BY 1
    NO MINVALUE
    NO MAXVALUE
    CACHE 1;


--
-- TOC entry 3370 (class 0 OID 0)
-- Dependencies: 219
-- Name: recruitment_batches_id_seq; Type: SEQUENCE OWNED BY; Schema: public; Owner: -
--

ALTER SEQUENCE public.recruitment_batches_id_seq OWNED BY public.recruitment_batches.id;


--
-- TOC entry 218 (class 1259 OID 32873)
-- Name: religions; Type: TABLE; Schema: public; Owner: -
--

CREATE TABLE public.religions (
    id integer NOT NULL,
    religion_name character varying(255) NOT NULL,
    created_by bigint,
    created_at timestamp(0) without time zone,
    updated_at timestamp(0) without time zone
);


--
-- TOC entry 217 (class 1259 OID 32871)
-- Name: religions_id_seq; Type: SEQUENCE; Schema: public; Owner: -
--

CREATE SEQUENCE public.religions_id_seq
    AS integer
    START WITH 1
    INCREMENT BY 1
    NO MINVALUE
    NO MAXVALUE
    CACHE 1;


--
-- TOC entry 3371 (class 0 OID 0)
-- Dependencies: 217
-- Name: religions_id_seq; Type: SEQUENCE OWNED BY; Schema: public; Owner: -
--

ALTER SEQUENCE public.religions_id_seq OWNED BY public.religions.id;


--
-- TOC entry 202 (class 1259 OID 32773)
-- Name: states; Type: TABLE; Schema: public; Owner: -
--

CREATE TABLE public.states (
    id integer NOT NULL,
    state_name character varying(255) NOT NULL,
    created_by bigint,
    created_at timestamp(0) without time zone,
    updated_at timestamp(0) without time zone
);


--
-- TOC entry 201 (class 1259 OID 32771)
-- Name: states_id_seq; Type: SEQUENCE; Schema: public; Owner: -
--

CREATE SEQUENCE public.states_id_seq
    AS integer
    START WITH 1
    INCREMENT BY 1
    NO MINVALUE
    NO MAXVALUE
    CACHE 1;


--
-- TOC entry 3372 (class 0 OID 0)
-- Dependencies: 201
-- Name: states_id_seq; Type: SEQUENCE OWNED BY; Schema: public; Owner: -
--

ALTER SEQUENCE public.states_id_seq OWNED BY public.states.id;


--
-- TOC entry 208 (class 1259 OID 32808)
-- Name: subdivisions; Type: TABLE; Schema: public; Owner: -
--

CREATE TABLE public.subdivisions (
    id integer NOT NULL,
    subdivision_name character varying(255) NOT NULL,
    district_id integer NOT NULL,
    zone_id integer NOT NULL,
    created_by bigint,
    created_at timestamp(0) without time zone,
    updated_at timestamp(0) without time zone
);


--
-- TOC entry 207 (class 1259 OID 32806)
-- Name: subdivisions_id_seq; Type: SEQUENCE; Schema: public; Owner: -
--

CREATE SEQUENCE public.subdivisions_id_seq
    AS integer
    START WITH 1
    INCREMENT BY 1
    NO MINVALUE
    NO MAXVALUE
    CACHE 1;


--
-- TOC entry 3373 (class 0 OID 0)
-- Dependencies: 207
-- Name: subdivisions_id_seq; Type: SEQUENCE OWNED BY; Schema: public; Owner: -
--

ALTER SEQUENCE public.subdivisions_id_seq OWNED BY public.subdivisions.id;


--
-- TOC entry 199 (class 1259 OID 32758)
-- Name: user_types; Type: TABLE; Schema: public; Owner: -
--

CREATE TABLE public.user_types (
    id integer NOT NULL,
    type_name character varying(255) NOT NULL,
    created_at timestamp(0) without time zone,
    updated_at timestamp(0) without time zone
);


--
-- TOC entry 198 (class 1259 OID 32756)
-- Name: user_types_id_seq; Type: SEQUENCE; Schema: public; Owner: -
--

CREATE SEQUENCE public.user_types_id_seq
    AS integer
    START WITH 1
    INCREMENT BY 1
    NO MINVALUE
    NO MAXVALUE
    CACHE 1;


--
-- TOC entry 3374 (class 0 OID 0)
-- Dependencies: 198
-- Name: user_types_id_seq; Type: SEQUENCE OWNED BY; Schema: public; Owner: -
--

ALTER SEQUENCE public.user_types_id_seq OWNED BY public.user_types.id;


--
-- TOC entry 250 (class 1259 OID 33226)
-- Name: users; Type: TABLE; Schema: public; Owner: -
--

CREATE TABLE public.users (
    id bigint NOT NULL,
    user_id character varying(255) NOT NULL,
    name character varying(255) NOT NULL,
    user_type_id integer NOT NULL,
    court_id integer,
    judicial_officer_id bigint,
    jo_code character varying(255),
    department_id integer,
    email character varying(255) NOT NULL,
    email_verified_at timestamp(0) without time zone,
    password character varying(255) NOT NULL,
    remember_token character varying(100),
    created_at timestamp(0) without time zone,
    updated_at timestamp(0) without time zone
);


--
-- TOC entry 249 (class 1259 OID 33224)
-- Name: users_id_seq; Type: SEQUENCE; Schema: public; Owner: -
--

CREATE SEQUENCE public.users_id_seq
    START WITH 1
    INCREMENT BY 1
    NO MINVALUE
    NO MAXVALUE
    CACHE 1;


--
-- TOC entry 3375 (class 0 OID 0)
-- Dependencies: 249
-- Name: users_id_seq; Type: SEQUENCE OWNED BY; Schema: public; Owner: -
--

ALTER SEQUENCE public.users_id_seq OWNED BY public.users.id;


--
-- TOC entry 246 (class 1259 OID 33186)
-- Name: zone_subdivisions; Type: TABLE; Schema: public; Owner: -
--

CREATE TABLE public.zone_subdivisions (
    id integer NOT NULL,
    zone_id integer NOT NULL,
    subdivision_id integer NOT NULL,
    created_by bigint,
    created_at timestamp(0) without time zone,
    updated_at timestamp(0) without time zone
);


--
-- TOC entry 245 (class 1259 OID 33184)
-- Name: zone_subdivisions_id_seq; Type: SEQUENCE; Schema: public; Owner: -
--

CREATE SEQUENCE public.zone_subdivisions_id_seq
    AS integer
    START WITH 1
    INCREMENT BY 1
    NO MINVALUE
    NO MAXVALUE
    CACHE 1;


--
-- TOC entry 3376 (class 0 OID 0)
-- Dependencies: 245
-- Name: zone_subdivisions_id_seq; Type: SEQUENCE OWNED BY; Schema: public; Owner: -
--

ALTER SEQUENCE public.zone_subdivisions_id_seq OWNED BY public.zone_subdivisions.id;


--
-- TOC entry 204 (class 1259 OID 32783)
-- Name: zones; Type: TABLE; Schema: public; Owner: -
--

CREATE TABLE public.zones (
    id bigint NOT NULL,
    zone_name character varying(255) NOT NULL,
    min_service_days integer,
    created_by bigint,
    created_at timestamp(0) without time zone,
    updated_at timestamp(0) without time zone
);


--
-- TOC entry 203 (class 1259 OID 32781)
-- Name: zones_id_seq; Type: SEQUENCE; Schema: public; Owner: -
--

CREATE SEQUENCE public.zones_id_seq
    START WITH 1
    INCREMENT BY 1
    NO MINVALUE
    NO MAXVALUE
    CACHE 1;


--
-- TOC entry 3377 (class 0 OID 0)
-- Dependencies: 203
-- Name: zones_id_seq; Type: SEQUENCE OWNED BY; Schema: public; Owner: -
--

ALTER SEQUENCE public.zones_id_seq OWNED BY public.zones.id;


--
-- TOC entry 2937 (class 2604 OID 33169)
-- Name: acr_histories id; Type: DEFAULT; Schema: public; Owner: -
--

ALTER TABLE ONLY public.acr_histories ALTER COLUMN id SET DEFAULT nextval('public.acr_histories_id_seq'::regclass);


--
-- TOC entry 2922 (class 2604 OID 32856)
-- Name: categories id; Type: DEFAULT; Schema: public; Owner: -
--

ALTER TABLE ONLY public.categories ALTER COLUMN id SET DEFAULT nextval('public.categories_id_seq'::regclass);


--
-- TOC entry 2920 (class 2604 OID 32831)
-- Name: courts id; Type: DEFAULT; Schema: public; Owner: -
--

ALTER TABLE ONLY public.courts ALTER COLUMN id SET DEFAULT nextval('public.courts_id_seq'::regclass);


--
-- TOC entry 2944 (class 2604 OID 33309)
-- Name: departments id; Type: DEFAULT; Schema: public; Owner: -
--

ALTER TABLE ONLY public.departments ALTER COLUMN id SET DEFAULT nextval('public.departments_id_seq'::regclass);


--
-- TOC entry 2923 (class 2604 OID 32866)
-- Name: designations id; Type: DEFAULT; Schema: public; Owner: -
--

ALTER TABLE ONLY public.designations ALTER COLUMN id SET DEFAULT nextval('public.designations_id_seq'::regclass);


--
-- TOC entry 2931 (class 2604 OID 33069)
-- Name: diaries id; Type: DEFAULT; Schema: public; Owner: -
--

ALTER TABLE ONLY public.diaries ALTER COLUMN id SET DEFAULT nextval('public.diaries_id_seq'::regclass);


--
-- TOC entry 2918 (class 2604 OID 32796)
-- Name: districts id; Type: DEFAULT; Schema: public; Owner: -
--

ALTER TABLE ONLY public.districts ALTER COLUMN id SET DEFAULT nextval('public.districts_id_seq'::regclass);


--
-- TOC entry 2947 (class 2604 OID 33345)
-- Name: document_types id; Type: DEFAULT; Schema: public; Owner: -
--

ALTER TABLE ONLY public.document_types ALTER COLUMN id SET DEFAULT nextval('public.document_types_id_seq'::regclass);


--
-- TOC entry 2936 (class 2604 OID 33159)
-- Name: grade_details id; Type: DEFAULT; Schema: public; Owner: -
--

ALTER TABLE ONLY public.grade_details ALTER COLUMN id SET DEFAULT nextval('public.grade_details_id_seq'::regclass);


--
-- TOC entry 2934 (class 2604 OID 33134)
-- Name: hc_case_types id; Type: DEFAULT; Schema: public; Owner: -
--

ALTER TABLE ONLY public.hc_case_types ALTER COLUMN id SET DEFAULT nextval('public.hc_case_types_id_seq'::regclass);


--
-- TOC entry 2943 (class 2604 OID 33292)
-- Name: history_deleted_data id; Type: DEFAULT; Schema: public; Owner: -
--

ALTER TABLE ONLY public.history_deleted_data ALTER COLUMN id SET DEFAULT nextval('public.history_deleted_data_id_seq'::regclass);


--
-- TOC entry 2942 (class 2604 OID 33281)
-- Name: history_updated_data id; Type: DEFAULT; Schema: public; Owner: -
--

ALTER TABLE ONLY public.history_updated_data ALTER COLUMN id SET DEFAULT nextval('public.history_updated_data_id_seq'::regclass);


--
-- TOC entry 2948 (class 2604 OID 33353)
-- Name: jo_documents id; Type: DEFAULT; Schema: public; Owner: -
--

ALTER TABLE ONLY public.jo_documents ALTER COLUMN id SET DEFAULT nextval('public.jo_documents_id_seq'::regclass);


--
-- TOC entry 2945 (class 2604 OID 33317)
-- Name: jo_legal_experiences id; Type: DEFAULT; Schema: public; Owner: -
--

ALTER TABLE ONLY public.jo_legal_experiences ALTER COLUMN id SET DEFAULT nextval('public.jo_legal_experiences_id_seq'::regclass);


--
-- TOC entry 2929 (class 2604 OID 33020)
-- Name: jo_reportings id; Type: DEFAULT; Schema: public; Owner: -
--

ALTER TABLE ONLY public.jo_reportings ALTER COLUMN id SET DEFAULT nextval('public.jo_reportings_id_seq'::regclass);


--
-- TOC entry 2939 (class 2604 OID 33209)
-- Name: jo_zone_tenures id; Type: DEFAULT; Schema: public; Owner: -
--

ALTER TABLE ONLY public.jo_zone_tenures ALTER COLUMN id SET DEFAULT nextval('public.jo_zone_tenures_id_seq'::regclass);


--
-- TOC entry 2930 (class 2604 OID 33048)
-- Name: judicial_officer_posting_preferences id; Type: DEFAULT; Schema: public; Owner: -
--

ALTER TABLE ONLY public.judicial_officer_posting_preferences ALTER COLUMN id SET DEFAULT nextval('public.judicial_officer_posting_preferences_id_seq'::regclass);


--
-- TOC entry 2949 (class 2604 OID 33993)
-- Name: judicial_officer_postings id; Type: DEFAULT; Schema: public; Owner: -
--

ALTER TABLE ONLY public.judicial_officer_postings ALTER COLUMN id SET DEFAULT nextval('public.judicial_officer_postings_id_seq'::regclass);


--
-- TOC entry 2927 (class 2604 OID 32957)
-- Name: judicial_officer_qualifications id; Type: DEFAULT; Schema: public; Owner: -
--

ALTER TABLE ONLY public.judicial_officer_qualifications ALTER COLUMN id SET DEFAULT nextval('public.judicial_officer_qualifications_id_seq'::regclass);


--
-- TOC entry 2926 (class 2604 OID 32896)
-- Name: judicial_officers id; Type: DEFAULT; Schema: public; Owner: -
--

ALTER TABLE ONLY public.judicial_officers ALTER COLUMN id SET DEFAULT nextval('public.judicial_officers_id_seq'::regclass);


--
-- TOC entry 2946 (class 2604 OID 33335)
-- Name: lcr_departments id; Type: DEFAULT; Schema: public; Owner: -
--

ALTER TABLE ONLY public.lcr_departments ALTER COLUMN id SET DEFAULT nextval('public.lcr_departments_id_seq'::regclass);


--
-- TOC entry 2932 (class 2604 OID 33085)
-- Name: lcr_hc_ends id; Type: DEFAULT; Schema: public; Owner: -
--

ALTER TABLE ONLY public.lcr_hc_ends ALTER COLUMN id SET DEFAULT nextval('public.lcr_hc_ends_id_seq'::regclass);


--
-- TOC entry 2933 (class 2604 OID 33118)
-- Name: lcr_lc_details id; Type: DEFAULT; Schema: public; Owner: -
--

ALTER TABLE ONLY public.lcr_lc_details ALTER COLUMN id SET DEFAULT nextval('public.lcr_lc_details_id_seq'::regclass);


--
-- TOC entry 2941 (class 2604 OID 33265)
-- Name: lcr_status_checks id; Type: DEFAULT; Schema: public; Owner: -
--

ALTER TABLE ONLY public.lcr_status_checks ALTER COLUMN id SET DEFAULT nextval('public.lcr_status_checks_id_seq'::regclass);


--
-- TOC entry 2935 (class 2604 OID 33149)
-- Name: lower_case_types id; Type: DEFAULT; Schema: public; Owner: -
--

ALTER TABLE ONLY public.lower_case_types ALTER COLUMN id SET DEFAULT nextval('public.lower_case_types_id_seq'::regclass);


--
-- TOC entry 2914 (class 2604 OID 32753)
-- Name: migrations id; Type: DEFAULT; Schema: public; Owner: -
--

ALTER TABLE ONLY public.migrations ALTER COLUMN id SET DEFAULT nextval('public.migrations_id_seq'::regclass);


--
-- TOC entry 2928 (class 2604 OID 32977)
-- Name: modes id; Type: DEFAULT; Schema: public; Owner: -
--

ALTER TABLE ONLY public.modes ALTER COLUMN id SET DEFAULT nextval('public.modes_id_seq'::regclass);


--
-- TOC entry 2921 (class 2604 OID 32846)
-- Name: qualifications id; Type: DEFAULT; Schema: public; Owner: -
--

ALTER TABLE ONLY public.qualifications ALTER COLUMN id SET DEFAULT nextval('public.qualifications_id_seq'::regclass);


--
-- TOC entry 2925 (class 2604 OID 32886)
-- Name: recruitment_batches id; Type: DEFAULT; Schema: public; Owner: -
--

ALTER TABLE ONLY public.recruitment_batches ALTER COLUMN id SET DEFAULT nextval('public.recruitment_batches_id_seq'::regclass);


--
-- TOC entry 2924 (class 2604 OID 32876)
-- Name: religions id; Type: DEFAULT; Schema: public; Owner: -
--

ALTER TABLE ONLY public.religions ALTER COLUMN id SET DEFAULT nextval('public.religions_id_seq'::regclass);


--
-- TOC entry 2916 (class 2604 OID 32776)
-- Name: states id; Type: DEFAULT; Schema: public; Owner: -
--

ALTER TABLE ONLY public.states ALTER COLUMN id SET DEFAULT nextval('public.states_id_seq'::regclass);


--
-- TOC entry 2919 (class 2604 OID 32811)
-- Name: subdivisions id; Type: DEFAULT; Schema: public; Owner: -
--

ALTER TABLE ONLY public.subdivisions ALTER COLUMN id SET DEFAULT nextval('public.subdivisions_id_seq'::regclass);


--
-- TOC entry 2915 (class 2604 OID 32761)
-- Name: user_types id; Type: DEFAULT; Schema: public; Owner: -
--

ALTER TABLE ONLY public.user_types ALTER COLUMN id SET DEFAULT nextval('public.user_types_id_seq'::regclass);


--
-- TOC entry 2940 (class 2604 OID 33229)
-- Name: users id; Type: DEFAULT; Schema: public; Owner: -
--

ALTER TABLE ONLY public.users ALTER COLUMN id SET DEFAULT nextval('public.users_id_seq'::regclass);


--
-- TOC entry 2938 (class 2604 OID 33189)
-- Name: zone_subdivisions id; Type: DEFAULT; Schema: public; Owner: -
--

ALTER TABLE ONLY public.zone_subdivisions ALTER COLUMN id SET DEFAULT nextval('public.zone_subdivisions_id_seq'::regclass);


--
-- TOC entry 2917 (class 2604 OID 32786)
-- Name: zones id; Type: DEFAULT; Schema: public; Owner: -
--

ALTER TABLE ONLY public.zones ALTER COLUMN id SET DEFAULT nextval('public.zones_id_seq'::regclass);


--
-- TOC entry 3312 (class 0 OID 33166)
-- Dependencies: 244
-- Data for Name: acr_histories; Type: TABLE DATA; Schema: public; Owner: -
--



--
-- TOC entry 3282 (class 0 OID 32853)
-- Dependencies: 214
-- Data for Name: categories; Type: TABLE DATA; Schema: public; Owner: -
--

INSERT INTO public.categories (id, category_name, created_by, created_at, updated_at) VALUES (1, 'general', 11, NULL, NULL);
INSERT INTO public.categories (id, category_name, created_by, created_at, updated_at) VALUES (2, 'scheduled caste', 11, '2019-07-02 06:58:28', '2019-07-02 06:58:28');
INSERT INTO public.categories (id, category_name, created_by, created_at, updated_at) VALUES (3, 'scheduled tribe', 11, '2019-07-02 07:41:15', '2019-07-03 08:42:41');


--
-- TOC entry 3278 (class 0 OID 32828)
-- Dependencies: 210
-- Data for Name: courts; Type: TABLE DATA; Schema: public; Owner: -
--

INSERT INTO public.courts (id, court_name, subdivision_id, latitude, longitude, created_by, created_at, updated_at) VALUES (59, 'civil judge sr  div bishnupur', 76, NULL, NULL, 11, '2019-11-15 17:20:52', '2019-11-15 17:20:52');
INSERT INTO public.courts (id, court_name, subdivision_id, latitude, longitude, created_by, created_at, updated_at) VALUES (60, 'acjm bishnupur', 76, NULL, NULL, 11, '2019-11-15 17:21:23', '2019-11-15 17:21:23');
INSERT INTO public.courts (id, court_name, subdivision_id, latitude, longitude, created_by, created_at, updated_at) VALUES (8, 'bardhaman 1st court', 51, NULL, NULL, 11, '2019-06-17 06:27:05', '2019-08-03 09:27:25');
INSERT INTO public.courts (id, court_name, subdivision_id, latitude, longitude, created_by, created_at, updated_at) VALUES (61, 'civil judge jr  div court bishnupur', 76, NULL, NULL, 11, '2019-11-15 17:22:00', '2019-11-15 17:22:00');
INSERT INTO public.courts (id, court_name, subdivision_id, latitude, longitude, created_by, created_at, updated_at) VALUES (62, 'jm 2nd court bishnupur', 76, NULL, NULL, 11, '2019-11-15 17:22:25', '2019-11-15 17:22:25');
INSERT INTO public.courts (id, court_name, subdivision_id, latitude, longitude, created_by, created_at, updated_at) VALUES (13, 'howrah 2nd court', 77, NULL, NULL, 11, '2019-06-17 06:27:05', '2019-08-03 09:30:49');
INSERT INTO public.courts (id, court_name, subdivision_id, latitude, longitude, created_by, created_at, updated_at) VALUES (14, 'howrah 1st court', 80, NULL, NULL, 11, '2019-06-17 06:27:05', '2019-08-03 09:29:36');
INSERT INTO public.courts (id, court_name, subdivision_id, latitude, longitude, created_by, created_at, updated_at) VALUES (24, 'north dinajpur 1st court', 56, NULL, NULL, 11, '2019-06-17 06:27:06', '2019-08-03 09:22:33');
INSERT INTO public.courts (id, court_name, subdivision_id, latitude, longitude, created_by, created_at, updated_at) VALUES (25, 'bankura 1 st court', 67, NULL, NULL, 11, '2019-06-17 06:27:06', '2019-08-03 09:25:14');
INSERT INTO public.courts (id, court_name, subdivision_id, latitude, longitude, created_by, created_at, updated_at) VALUES (27, 'south dinajpore', 81, NULL, NULL, 11, '2019-06-17 06:27:06', '2019-08-03 09:23:52');
INSERT INTO public.courts (id, court_name, subdivision_id, latitude, longitude, created_by, created_at, updated_at) VALUES (63, 'jm 3rd court bishnupur', 76, NULL, NULL, 11, '2019-11-15 17:22:53', '2019-11-15 17:22:53');
INSERT INTO public.courts (id, court_name, subdivision_id, latitude, longitude, created_by, created_at, updated_at) VALUES (30, 'district judge bankura', 75, NULL, NULL, 11, '2019-06-17 06:27:06', '2019-11-15 16:52:38');
INSERT INTO public.courts (id, court_name, subdivision_id, latitude, longitude, created_by, created_at, updated_at) VALUES (35, 'cjm  bankura', 75, NULL, NULL, 11, '2019-11-15 16:54:32', '2019-11-15 16:55:50');
INSERT INTO public.courts (id, court_name, subdivision_id, latitude, longitude, created_by, created_at, updated_at) VALUES (36, 'cjsd bankura', 75, NULL, NULL, 11, '2019-11-15 16:56:34', '2019-11-15 16:56:34');
INSERT INTO public.courts (id, court_name, subdivision_id, latitude, longitude, created_by, created_at, updated_at) VALUES (38, 'civil judge jr div i bankura', 75, NULL, NULL, 11, '2019-11-15 17:00:54', '2019-11-15 17:00:54');
INSERT INTO public.courts (id, court_name, subdivision_id, latitude, longitude, created_by, created_at, updated_at) VALUES (37, 'civil judge sr div  additional  court  bankura', 75, NULL, NULL, 11, '2019-11-15 16:58:42', '2019-11-15 17:02:20');
INSERT INTO public.courts (id, court_name, subdivision_id, latitude, longitude, created_by, created_at, updated_at) VALUES (39, 'civil judge jr div ii bankura', 75, NULL, NULL, 11, '2019-11-15 17:02:58', '2019-11-15 17:02:58');
INSERT INTO public.courts (id, court_name, subdivision_id, latitude, longitude, created_by, created_at, updated_at) VALUES (40, 'civil judge jr div additional court bankura', 75, NULL, NULL, 11, '2019-11-15 17:03:41', '2019-11-15 17:03:41');
INSERT INTO public.courts (id, court_name, subdivision_id, latitude, longitude, created_by, created_at, updated_at) VALUES (41, 'jm 3rd court bankura', 75, NULL, NULL, 11, '2019-11-15 17:04:13', '2019-11-15 17:04:13');
INSERT INTO public.courts (id, court_name, subdivision_id, latitude, longitude, created_by, created_at, updated_at) VALUES (42, 'jm 4th court bankura', 75, NULL, NULL, 11, '2019-11-15 17:04:33', '2019-11-15 17:04:33');
INSERT INTO public.courts (id, court_name, subdivision_id, latitude, longitude, created_by, created_at, updated_at) VALUES (43, 'jm 5th court bankura', 75, NULL, NULL, 11, '2019-11-15 17:04:47', '2019-11-15 17:04:47');
INSERT INTO public.courts (id, court_name, subdivision_id, latitude, longitude, created_by, created_at, updated_at) VALUES (44, 'jm 6th court bankura', 75, NULL, NULL, 11, '2019-11-15 17:05:13', '2019-11-15 17:05:13');
INSERT INTO public.courts (id, court_name, subdivision_id, latitude, longitude, created_by, created_at, updated_at) VALUES (45, 'jm 7th court bankura', 75, NULL, NULL, 11, '2019-11-15 17:05:44', '2019-11-15 17:05:44');
INSERT INTO public.courts (id, court_name, subdivision_id, latitude, longitude, created_by, created_at, updated_at) VALUES (48, 'adj 2nd court bankura', 75, NULL, NULL, 11, '2019-11-15 17:07:40', '2019-11-15 17:07:40');
INSERT INTO public.courts (id, court_name, subdivision_id, latitude, longitude, created_by, created_at, updated_at) VALUES (49, 'adj 3rd court bankura', 75, NULL, NULL, 11, '2019-11-15 17:08:14', '2019-11-15 17:08:14');
INSERT INTO public.courts (id, court_name, subdivision_id, latitude, longitude, created_by, created_at, updated_at) VALUES (50, 'adj re designated court bankura', 75, NULL, NULL, 11, '2019-11-15 17:08:55', '2019-11-15 17:08:55');
INSERT INTO public.courts (id, court_name, subdivision_id, latitude, longitude, created_by, created_at, updated_at) VALUES (51, 'adj fast track court  bankura', 75, NULL, NULL, 11, '2019-11-15 17:10:22', '2019-11-15 17:10:22');
INSERT INTO public.courts (id, court_name, subdivision_id, latitude, longitude, created_by, created_at, updated_at) VALUES (52, 'adj  khatra', 77, NULL, NULL, 11, '2019-11-15 17:12:57', '2019-11-15 17:12:57');
INSERT INTO public.courts (id, court_name, subdivision_id, latitude, longitude, created_by, created_at, updated_at) VALUES (53, 'civil judge sr  div khatra', 77, NULL, NULL, 11, '2019-11-15 17:13:49', '2019-11-15 17:15:41');
INSERT INTO public.courts (id, court_name, subdivision_id, latitude, longitude, created_by, created_at, updated_at) VALUES (54, 'civil judge jr  div 1st court khatra', 77, NULL, NULL, 11, '2019-11-15 17:16:33', '2019-11-15 17:16:33');
INSERT INTO public.courts (id, court_name, subdivision_id, latitude, longitude, created_by, created_at, updated_at) VALUES (46, 'adj 1st court bankura', 75, NULL, NULL, 11, '2019-11-15 17:06:11', '2019-11-15 17:17:38');
INSERT INTO public.courts (id, court_name, subdivision_id, latitude, longitude, created_by, created_at, updated_at) VALUES (55, 'civil judge jr  div 2nd court khatra', 77, NULL, NULL, 11, '2019-11-15 17:19:00', '2019-11-15 17:19:00');
INSERT INTO public.courts (id, court_name, subdivision_id, latitude, longitude, created_by, created_at, updated_at) VALUES (56, 'acjm khatra', 77, NULL, NULL, 11, '2019-11-15 17:19:35', '2019-11-15 17:19:35');
INSERT INTO public.courts (id, court_name, subdivision_id, latitude, longitude, created_by, created_at, updated_at) VALUES (57, 'jm khatra', 77, NULL, NULL, 11, '2019-11-15 17:19:54', '2019-11-15 17:19:54');
INSERT INTO public.courts (id, court_name, subdivision_id, latitude, longitude, created_by, created_at, updated_at) VALUES (58, 'adj bishnupur', 76, NULL, NULL, 11, '2019-11-15 17:20:23', '2019-11-15 17:20:23');
INSERT INTO public.courts (id, court_name, subdivision_id, latitude, longitude, created_by, created_at, updated_at) VALUES (64, 'district judge birbhum', 78, NULL, NULL, 11, '2019-11-15 17:23:43', '2019-11-15 17:25:11');
INSERT INTO public.courts (id, court_name, subdivision_id, latitude, longitude, created_by, created_at, updated_at) VALUES (65, 'adj 1st court birbhum', 78, NULL, NULL, 11, '2019-11-15 17:25:48', '2019-11-15 17:25:48');
INSERT INTO public.courts (id, court_name, subdivision_id, latitude, longitude, created_by, created_at, updated_at) VALUES (66, 'adj 2nd court birbhum', 78, NULL, NULL, 11, '2019-11-15 17:26:50', '2019-11-15 17:26:50');
INSERT INTO public.courts (id, court_name, subdivision_id, latitude, longitude, created_by, created_at, updated_at) VALUES (67, 'adj 3rd court birbhum', 78, NULL, NULL, 11, '2019-11-15 17:27:21', '2019-11-15 17:27:21');
INSERT INTO public.courts (id, court_name, subdivision_id, latitude, longitude, created_by, created_at, updated_at) VALUES (68, 'adj 4th court birbhum', 78, NULL, NULL, 11, '2019-11-15 17:27:42', '2019-11-15 17:27:42');
INSERT INTO public.courts (id, court_name, subdivision_id, latitude, longitude, created_by, created_at, updated_at) VALUES (69, 'adj ftc court birbhum', 78, NULL, NULL, 11, '2019-11-15 17:28:20', '2019-11-15 17:28:40');
INSERT INTO public.courts (id, court_name, subdivision_id, latitude, longitude, created_by, created_at, updated_at) VALUES (70, 'cjm birbhum', 78, NULL, NULL, 11, '2019-11-15 17:29:02', '2019-11-15 17:29:02');
INSERT INTO public.courts (id, court_name, subdivision_id, latitude, longitude, created_by, created_at, updated_at) VALUES (71, 'acjm birbhum', 78, NULL, NULL, 11, '2019-11-15 17:29:17', '2019-11-15 17:29:17');
INSERT INTO public.courts (id, court_name, subdivision_id, latitude, longitude, created_by, created_at, updated_at) VALUES (72, 'civil judge sr div birbhum', 78, NULL, NULL, 11, '2019-11-15 17:30:10', '2019-11-15 17:30:10');
INSERT INTO public.courts (id, court_name, subdivision_id, latitude, longitude, created_by, created_at, updated_at) VALUES (73, 'civil judge jr div sadar court birbhum', 78, NULL, NULL, 11, '2019-11-15 17:31:20', '2019-11-15 17:31:20');
INSERT INTO public.courts (id, court_name, subdivision_id, latitude, longitude, created_by, created_at, updated_at) VALUES (74, 'civil judge jr div additional court birbhum', 78, NULL, NULL, 11, '2019-11-15 17:32:52', '2019-11-15 17:32:52');
INSERT INTO public.courts (id, court_name, subdivision_id, latitude, longitude, created_by, created_at, updated_at) VALUES (75, 'jm 1st court birbhum', 78, NULL, NULL, 11, '2019-11-15 17:33:18', '2019-11-15 17:33:18');
INSERT INTO public.courts (id, court_name, subdivision_id, latitude, longitude, created_by, created_at, updated_at) VALUES (76, 'jm 2nd court birbhum', 78, NULL, NULL, 11, '2019-11-15 17:34:00', '2019-11-15 17:34:00');
INSERT INTO public.courts (id, court_name, subdivision_id, latitude, longitude, created_by, created_at, updated_at) VALUES (77, 'jm 3rd court birbhum', 78, NULL, NULL, 11, '2019-11-15 17:34:18', '2019-11-15 17:34:18');
INSERT INTO public.courts (id, court_name, subdivision_id, latitude, longitude, created_by, created_at, updated_at) VALUES (78, 'secretary dlsa birbhum', 78, NULL, NULL, 11, '2019-11-15 17:34:37', '2019-11-15 17:34:37');
INSERT INTO public.courts (id, court_name, subdivision_id, latitude, longitude, created_by, created_at, updated_at) VALUES (79, 'adj ftc dubrajpur birbhum', 81, NULL, NULL, 11, '2019-11-15 17:35:06', '2019-11-15 17:35:35');
INSERT INTO public.courts (id, court_name, subdivision_id, latitude, longitude, created_by, created_at, updated_at) VALUES (80, 'civil judge jr div court dubrajpur birbhum', 81, NULL, NULL, 11, '2019-11-15 17:37:19', '2019-11-15 17:37:19');
INSERT INTO public.courts (id, court_name, subdivision_id, latitude, longitude, created_by, created_at, updated_at) VALUES (81, 'jm dubrajpur birbhum', 81, NULL, NULL, 11, '2019-11-15 17:37:57', '2019-11-15 17:37:57');
INSERT INTO public.courts (id, court_name, subdivision_id, latitude, longitude, created_by, created_at, updated_at) VALUES (1, 'darjeeling 1st court', 118, NULL, NULL, 11, '2019-06-17 06:27:05', '2019-08-03 09:28:11');
INSERT INTO public.courts (id, court_name, subdivision_id, latitude, longitude, created_by, created_at, updated_at) VALUES (3, 'calcutta city court', 51, NULL, NULL, 11, '2019-06-17 06:27:05', '2019-08-03 09:19:41');


--
-- TOC entry 3326 (class 0 OID 33306)
-- Dependencies: 258
-- Data for Name: departments; Type: TABLE DATA; Schema: public; Owner: -
--

INSERT INTO public.departments (id, dept_name, created_at, updated_at) VALUES (1, 'Rule ', NULL, NULL);
INSERT INTO public.departments (id, dept_name, created_at, updated_at) VALUES (2, 'Criminal', NULL, NULL);
INSERT INTO public.departments (id, dept_name, created_at, updated_at) VALUES (3, 'FMA', NULL, NULL);


--
-- TOC entry 3284 (class 0 OID 32863)
-- Dependencies: 216
-- Data for Name: designations; Type: TABLE DATA; Schema: public; Owner: -
--

INSERT INTO public.designations (id, designation_name, created_by, created_at, updated_at) VALUES (1, 'ACJM', 2, '2019-11-22 18:04:31', '2019-11-22 18:04:31');
INSERT INTO public.designations (id, designation_name, created_by, created_at, updated_at) VALUES (2, 'JM', 11, '2019-11-26 15:42:01', '2019-11-26 15:43:14');
INSERT INTO public.designations (id, designation_name, created_by, created_at, updated_at) VALUES (3, 'ADJ', 11, '2019-11-26 15:43:22', '2019-11-26 15:43:22');
INSERT INTO public.designations (id, designation_name, created_by, created_at, updated_at) VALUES (4, 'ADJ FTC', 11, '2019-11-26 15:43:35', '2019-11-26 15:43:35');
INSERT INTO public.designations (id, designation_name, created_by, created_at, updated_at) VALUES (5, 'CJSD', 11, '2019-11-26 15:43:48', '2019-11-26 15:43:48');


--
-- TOC entry 3300 (class 0 OID 33066)
-- Dependencies: 232
-- Data for Name: diaries; Type: TABLE DATA; Schema: public; Owner: -
--



--
-- TOC entry 3274 (class 0 OID 32793)
-- Dependencies: 206
-- Data for Name: districts; Type: TABLE DATA; Schema: public; Owner: -
--

INSERT INTO public.districts (id, district_name, state_id, created_by, created_at, updated_at) VALUES (4, 'west alexys', 7, 11, '2019-06-17 06:27:05', '2019-06-17 06:27:05');
INSERT INTO public.districts (id, district_name, state_id, created_by, created_at, updated_at) VALUES (11, 'west elta', 17, 11, '2019-06-17 06:27:05', '2019-06-17 06:27:05');
INSERT INTO public.districts (id, district_name, state_id, created_by, created_at, updated_at) VALUES (12, 'trantowborough', 17, 11, '2019-06-17 06:27:05', '2019-06-17 06:27:05');
INSERT INTO public.districts (id, district_name, state_id, created_by, created_at, updated_at) VALUES (15, 'south nathanaelview', 24, 11, '2019-06-17 06:27:05', '2019-06-17 06:27:05');
INSERT INTO public.districts (id, district_name, state_id, created_by, created_at, updated_at) VALUES (17, 'zboncakfort', 30, 11, '2019-06-17 06:27:05', '2019-06-17 06:27:05');
INSERT INTO public.districts (id, district_name, state_id, created_by, created_at, updated_at) VALUES (18, 'west magnusview', 30, 11, '2019-06-17 06:27:05', '2019-06-17 06:27:05');
INSERT INTO public.districts (id, district_name, state_id, created_by, created_at, updated_at) VALUES (20, 'west monteborough', 31, 11, '2019-06-17 06:27:06', '2019-06-17 06:27:06');
INSERT INTO public.districts (id, district_name, state_id, created_by, created_at, updated_at) VALUES (21, 'south westleyborough', 31, 11, '2019-06-17 06:27:06', '2019-06-17 06:27:06');
INSERT INTO public.districts (id, district_name, state_id, created_by, created_at, updated_at) VALUES (36, 'kolkata', 51, 11, '2019-07-10 06:27:59', '2019-07-10 06:27:59');
INSERT INTO public.districts (id, district_name, state_id, created_by, created_at, updated_at) VALUES (2, 'east midnapure', 2, 11, '2019-06-17 06:27:04', '2019-08-05 05:46:51');
INSERT INTO public.districts (id, district_name, state_id, created_by, created_at, updated_at) VALUES (14, 'west burdwan', 24, 11, '2019-06-17 06:27:05', '2019-08-05 05:47:25');
INSERT INTO public.districts (id, district_name, state_id, created_by, created_at, updated_at) VALUES (26, 'howrah', 44, 11, '2019-06-17 06:27:06', '2019-08-05 05:47:53');
INSERT INTO public.districts (id, district_name, state_id, created_by, created_at, updated_at) VALUES (28, 'hoogly', 48, 11, '2019-06-17 06:27:06', '2019-08-05 05:48:03');
INSERT INTO public.districts (id, district_name, state_id, created_by, created_at, updated_at) VALUES (25, 'bankura', 44, 11, '2019-06-17 06:27:06', '2019-08-05 05:48:21');
INSERT INTO public.districts (id, district_name, state_id, created_by, created_at, updated_at) VALUES (5, 'purulia', 7, 11, '2019-06-17 06:27:05', '2019-08-05 05:48:47');
INSERT INTO public.districts (id, district_name, state_id, created_by, created_at, updated_at) VALUES (27, 'birbhum', 44, 11, '2019-06-17 06:27:06', '2019-08-05 05:49:09');
INSERT INTO public.districts (id, district_name, state_id, created_by, created_at, updated_at) VALUES (8, 'south dinajpur', 11, 11, '2019-06-17 06:27:05', '2019-08-05 05:50:41');
INSERT INTO public.districts (id, district_name, state_id, created_by, created_at, updated_at) VALUES (22, 'alipure duar', 38, 11, '2019-06-17 06:27:06', '2019-08-05 05:54:08');
INSERT INTO public.districts (id, district_name, state_id, created_by, created_at, updated_at) VALUES (10, 'darjeeling', 17, 11, '2019-06-17 06:27:05', '2019-08-05 05:55:27');
INSERT INTO public.districts (id, district_name, state_id, created_by, created_at, updated_at) VALUES (7, 'kalimpong', 11, 11, '2019-06-17 06:27:05', '2019-08-05 05:56:54');
INSERT INTO public.districts (id, district_name, state_id, created_by, created_at, updated_at) VALUES (6, 'malda', 8, 11, '2019-06-17 06:27:05', '2019-08-05 05:51:22');
INSERT INTO public.districts (id, district_name, state_id, created_by, created_at, updated_at) VALUES (38, 'north 24 parganas', 51, 11, '2019-11-11 12:26:13', '2019-11-11 12:26:13');
INSERT INTO public.districts (id, district_name, state_id, created_by, created_at, updated_at) VALUES (13, 'south 24 parganas', 24, 11, '2019-06-17 06:27:05', '2019-11-11 12:28:19');
INSERT INTO public.districts (id, district_name, state_id, created_by, created_at, updated_at) VALUES (40, 'purba bardhaman', 51, 11, '2019-11-11 13:19:11', '2019-11-11 13:19:11');
INSERT INTO public.districts (id, district_name, state_id, created_by, created_at, updated_at) VALUES (41, 'paschim bardhaman', 51, 11, '2019-11-11 13:19:29', '2019-11-11 13:19:29');
INSERT INTO public.districts (id, district_name, state_id, created_by, created_at, updated_at) VALUES (42, 'jhargram', 51, 11, '2019-11-11 13:19:58', '2019-11-11 13:19:58');
INSERT INTO public.districts (id, district_name, state_id, created_by, created_at, updated_at) VALUES (43, 'paschim medinipur', 51, 11, '2019-11-11 13:20:14', '2019-11-11 13:20:14');
INSERT INTO public.districts (id, district_name, state_id, created_by, created_at, updated_at) VALUES (44, 'murshidabad', 51, 11, '2019-11-11 13:20:46', '2019-11-11 13:20:46');
INSERT INTO public.districts (id, district_name, state_id, created_by, created_at, updated_at) VALUES (45, 'purba medinipur', 51, 11, '2019-11-11 13:30:59', '2019-11-11 13:30:59');
INSERT INTO public.districts (id, district_name, state_id, created_by, created_at, updated_at) VALUES (46, 'nadia', 51, 11, '2019-11-11 13:31:32', '2019-11-11 13:31:32');
INSERT INTO public.districts (id, district_name, state_id, created_by, created_at, updated_at) VALUES (47, 'cooch behar', 51, 11, '2019-11-11 13:32:34', '2019-11-11 13:32:34');
INSERT INTO public.districts (id, district_name, state_id, created_by, created_at, updated_at) VALUES (48, 'jalpaiguri', 51, 11, '2019-11-11 13:42:40', '2019-11-11 13:42:40');
INSERT INTO public.districts (id, district_name, state_id, created_by, created_at, updated_at) VALUES (29, 'u dinajpur', 48, 11, '2019-06-17 06:27:06', '2019-11-11 13:54:30');
INSERT INTO public.districts (id, district_name, state_id, created_by, created_at, updated_at) VALUES (49, 'd dinajpur', 51, 11, '2019-11-11 14:00:30', '2019-11-11 14:00:30');
INSERT INTO public.districts (id, district_name, state_id, created_by, created_at, updated_at) VALUES (50, 'andaman and nicobar island', 75, 11, '2019-11-11 14:07:53', '2019-11-11 14:07:53');


--
-- TOC entry 3332 (class 0 OID 33342)
-- Dependencies: 264
-- Data for Name: document_types; Type: TABLE DATA; Schema: public; Owner: -
--



--
-- TOC entry 3310 (class 0 OID 33156)
-- Dependencies: 242
-- Data for Name: grade_details; Type: TABLE DATA; Schema: public; Owner: -
--

INSERT INTO public.grade_details (id, grade_name, created_by, created_at, updated_at) VALUES (1, 'good', 11, '2019-09-25 00:00:00', '2019-09-25 00:00:00');
INSERT INTO public.grade_details (id, grade_name, created_by, created_at, updated_at) VALUES (2, 'average', 11, '2019-09-25 00:00:00', '2019-09-25 00:00:00');
INSERT INTO public.grade_details (id, grade_name, created_by, created_at, updated_at) VALUES (3, 'very good', 11, '2019-09-25 00:00:00', '2019-09-25 00:00:00');
INSERT INTO public.grade_details (id, grade_name, created_by, created_at, updated_at) VALUES (4, 'outstanding', 11, '2019-09-25 00:00:00', '2019-09-25 00:00:00');
INSERT INTO public.grade_details (id, grade_name, created_by, created_at, updated_at) VALUES (5, 'poor', 11, '2019-09-25 00:00:00', '2019-09-25 00:00:00');


--
-- TOC entry 3306 (class 0 OID 33131)
-- Dependencies: 238
-- Data for Name: hc_case_types; Type: TABLE DATA; Schema: public; Owner: -
--

INSERT INTO public.hc_case_types (id, type_name, full_form, created_by, created_at, updated_at) VALUES (1, 'AA', 'ARBRITATION APPL.', NULL, NULL, NULL);
INSERT INTO public.hc_case_types (id, type_name, full_form, created_by, created_at, updated_at) VALUES (2, 'ABWA', 'APPL.UND.BENGAL WAKFS ACT', NULL, NULL, NULL);
INSERT INTO public.hc_case_types (id, type_name, full_form, created_by, created_at, updated_at) VALUES (3, 'AC', 'AWARD CASES', NULL, NULL, NULL);
INSERT INTO public.hc_case_types (id, type_name, full_form, created_by, created_at, updated_at) VALUES (4, 'ACA', 'APPL.UNDER CHARTERED ACCOUNTANTS ACT, 1949', NULL, NULL, NULL);
INSERT INTO public.hc_case_types (id, type_name, full_form, created_by, created_at, updated_at) VALUES (5, 'ACO', 'PET. IN COMP. APPL.', NULL, NULL, NULL);
INSERT INTO public.hc_case_types (id, type_name, full_form, created_by, created_at, updated_at) VALUES (6, 'ACR', 'APPL.UND.CHARITABLE & RELIGIOUS TRUST ACT', NULL, NULL, NULL);
INSERT INTO public.hc_case_types (id, type_name, full_form, created_by, created_at, updated_at) VALUES (7, 'ACRP', 'APPL.UND.SEC.151 OF THE CR.P.C.', NULL, NULL, NULL);
INSERT INTO public.hc_case_types (id, type_name, full_form, created_by, created_at, updated_at) VALUES (8, 'ACWA', 'APPL.UND.SEC 21 COST&WORKS ACCOUNTACTS ACT, 1959', NULL, NULL, NULL);
INSERT INTO public.hc_case_types (id, type_name, full_form, created_by, created_at, updated_at) VALUES (9, 'AED', 'APPL. U/S. 64 OF ESTATE DUTY ACT, 1953', NULL, NULL, NULL);
INSERT INTO public.hc_case_types (id, type_name, full_form, created_by, created_at, updated_at) VALUES (10, 'AET', 'APPL. U/S 25 OF EXPENDITURE TAX ACT, 1957', NULL, NULL, NULL);
INSERT INTO public.hc_case_types (id, type_name, full_form, created_by, created_at, updated_at) VALUES (11, 'AFP', 'APPL.FOR LEAVE TO SUE AS AN INDIGENT PERSON', NULL, NULL, NULL);
INSERT INTO public.hc_case_types (id, type_name, full_form, created_by, created_at, updated_at) VALUES (12, 'AGA', 'APPL.UND.SEC.25 OF ADMINISTRATOR GENERALS'' ACT', NULL, NULL, NULL);
INSERT INTO public.hc_case_types (id, type_name, full_form, created_by, created_at, updated_at) VALUES (13, 'AGL', 'APPL.FOR APPOINTMENT OF GUARDIAN-AD-LITEM', NULL, NULL, NULL);
INSERT INTO public.hc_case_types (id, type_name, full_form, created_by, created_at, updated_at) VALUES (14, 'AGT', 'APPL. U/S 26 GIFT TAX ACT, 1958', NULL, NULL, NULL);
INSERT INTO public.hc_case_types (id, type_name, full_form, created_by, created_at, updated_at) VALUES (15, 'AGWA', 'APPL.UND.GUARDIANS & WARDS ACT', NULL, NULL, NULL);
INSERT INTO public.hc_case_types (id, type_name, full_form, created_by, created_at, updated_at) VALUES (16, 'AHC', 'HABEAS CORPUS', NULL, NULL, NULL);
INSERT INTO public.hc_case_types (id, type_name, full_form, created_by, created_at, updated_at) VALUES (17, 'AID', 'APPL. UNDER PATENTS & DESIGNS ACT, 1970', NULL, NULL, NULL);
INSERT INTO public.hc_case_types (id, type_name, full_form, created_by, created_at, updated_at) VALUES (18, 'AIDR', 'APPL.UND.INDUSTRIAL DEVELOPMENT REGULATION ACT', NULL, NULL, NULL);
INSERT INTO public.hc_case_types (id, type_name, full_form, created_by, created_at, updated_at) VALUES (19, 'AIFC', 'APPL.UND.INDUSTRIAL FINANCE CORP. ACT', NULL, NULL, NULL);
INSERT INTO public.hc_case_types (id, type_name, full_form, created_by, created_at, updated_at) VALUES (20, 'AIRB', 'APPN.RECON.BANK OF I', NULL, NULL, NULL);
INSERT INTO public.hc_case_types (id, type_name, full_form, created_by, created_at, updated_at) VALUES (21, 'ALP', 'APPL.UND.CLAUSE 13 OF LETTERS PATENT', NULL, NULL, NULL);
INSERT INTO public.hc_case_types (id, type_name, full_form, created_by, created_at, updated_at) VALUES (22, 'ALP.ITL', 'APPL. UNDER CLAUSE 17 OF THE LETTERS PATENT', NULL, NULL, NULL);
INSERT INTO public.hc_case_types (id, type_name, full_form, created_by, created_at, updated_at) VALUES (23, 'ALPII', 'APPL.UND.CLAUSE 17 L', NULL, NULL, NULL);
INSERT INTO public.hc_case_types (id, type_name, full_form, created_by, created_at, updated_at) VALUES (24, 'ALPITL', 'APPL.CLAUSE-17 LP', NULL, NULL, NULL);
INSERT INTO public.hc_case_types (id, type_name, full_form, created_by, created_at, updated_at) VALUES (25, 'AOR', 'CALCUTTA OFFICIAL RECEIVER''S ACT 1938', NULL, NULL, NULL);
INSERT INTO public.hc_case_types (id, type_name, full_form, created_by, created_at, updated_at) VALUES (26, 'AORC', 'APPLICATION OMNIBUS RESIDUARY CLASS', NULL, NULL, NULL);
INSERT INTO public.hc_case_types (id, type_name, full_form, created_by, created_at, updated_at) VALUES (27, 'AOT', 'APPL.UND.OFFICIAL TRUSTEES ACT', NULL, NULL, NULL);
INSERT INTO public.hc_case_types (id, type_name, full_form, created_by, created_at, updated_at) VALUES (28, 'AP', 'ARBITRATION PETITION', NULL, NULL, NULL);
INSERT INTO public.hc_case_types (id, type_name, full_form, created_by, created_at, updated_at) VALUES (29, 'APD', 'APPEAL FROM DECREE', NULL, NULL, NULL);
INSERT INTO public.hc_case_types (id, type_name, full_form, created_by, created_at, updated_at) VALUES (30, 'APDT', 'APP. FR. DECR. TEND.', NULL, NULL, NULL);
INSERT INTO public.hc_case_types (id, type_name, full_form, created_by, created_at, updated_at) VALUES (31, 'APO', 'APPEAL FROM ORDER', NULL, NULL, NULL);
INSERT INTO public.hc_case_types (id, type_name, full_form, created_by, created_at, updated_at) VALUES (32, 'APOT', 'TEMP APO', NULL, NULL, NULL);
INSERT INTO public.hc_case_types (id, type_name, full_form, created_by, created_at, updated_at) VALUES (33, 'AS', 'ADMIRALITY  SUITS', NULL, NULL, NULL);
INSERT INTO public.hc_case_types (id, type_name, full_form, created_by, created_at, updated_at) VALUES (34, 'ASCI', 'APPL.FOR LEAVE TO APPEAL TO THE SUPREME COURT OF INDIA', NULL, NULL, NULL);
INSERT INTO public.hc_case_types (id, type_name, full_form, created_by, created_at, updated_at) VALUES (35, 'ASFC', 'APPL.UND.STAE FINANCIAL CORP. ACT', NULL, NULL, NULL);
INSERT INTO public.hc_case_types (id, type_name, full_form, created_by, created_at, updated_at) VALUES (36, 'ASM', 'APPL.SANCHAITA MATTERS', NULL, NULL, NULL);
INSERT INTO public.hc_case_types (id, type_name, full_form, created_by, created_at, updated_at) VALUES (37, 'ATA', 'APPL.UNDER TRUST ACT', NULL, NULL, NULL);
INSERT INTO public.hc_case_types (id, type_name, full_form, created_by, created_at, updated_at) VALUES (38, 'ATM', 'APPL.UND.TRADE&MERCHANDISE MARKS, ACT', NULL, NULL, NULL);
INSERT INTO public.hc_case_types (id, type_name, full_form, created_by, created_at, updated_at) VALUES (39, 'AUDA', 'APPL.UND.UNCLAIMED DEPOSITS ACT', NULL, NULL, NULL);
INSERT INTO public.hc_case_types (id, type_name, full_form, created_by, created_at, updated_at) VALUES (40, 'AWT', 'APPL. U/S 27 OF WEALTH TAX ACT, 1957', NULL, NULL, NULL);
INSERT INTO public.hc_case_types (id, type_name, full_form, created_by, created_at, updated_at) VALUES (41, 'BBA', 'APPL.UND.BANKERS BOOKS EVIDENCE ACT, 1891', NULL, NULL, NULL);
INSERT INTO public.hc_case_types (id, type_name, full_form, created_by, created_at, updated_at) VALUES (42, 'BIFR', 'BIFR', NULL, NULL, NULL);
INSERT INTO public.hc_case_types (id, type_name, full_form, created_by, created_at, updated_at) VALUES (43, 'CA', 'COMPANY APPLICATION', NULL, NULL, NULL);
INSERT INTO public.hc_case_types (id, type_name, full_form, created_by, created_at, updated_at) VALUES (44, 'CAA', 'COMMISSIONER OF PATENT APPEAL', NULL, NULL, NULL);
INSERT INTO public.hc_case_types (id, type_name, full_form, created_by, created_at, updated_at) VALUES (45, 'CC', 'CONTEMPT OF COURT CASES', NULL, NULL, NULL);
INSERT INTO public.hc_case_types (id, type_name, full_form, created_by, created_at, updated_at) VALUES (46, 'CEXA', 'APPL.UND.CENTRAL EXCISE ACT', NULL, NULL, NULL);
INSERT INTO public.hc_case_types (id, type_name, full_form, created_by, created_at, updated_at) VALUES (47, 'CHS', 'CHAMBER SUMMONS', NULL, NULL, NULL);
INSERT INTO public.hc_case_types (id, type_name, full_form, created_by, created_at, updated_at) VALUES (48, 'CP', 'COMPANY PETITIONS', NULL, NULL, NULL);
INSERT INTO public.hc_case_types (id, type_name, full_form, created_by, created_at, updated_at) VALUES (49, 'CPA', 'COMMISSIONER OF PATE', NULL, NULL, NULL);
INSERT INTO public.hc_case_types (id, type_name, full_form, created_by, created_at, updated_at) VALUES (50, 'CRA', 'COPYRIGHT APPEAL', NULL, NULL, NULL);
INSERT INTO public.hc_case_types (id, type_name, full_form, created_by, created_at, updated_at) VALUES (51, 'CRCC', 'CRIMINAL CONTEMPT', NULL, NULL, NULL);
INSERT INTO public.hc_case_types (id, type_name, full_form, created_by, created_at, updated_at) VALUES (52, 'CS', 'CIVIL SUITS', NULL, NULL, NULL);
INSERT INTO public.hc_case_types (id, type_name, full_form, created_by, created_at, updated_at) VALUES (53, 'CS(O)', 'CIVIL SUIT(OLD)', NULL, NULL, NULL);
INSERT INTO public.hc_case_types (id, type_name, full_form, created_by, created_at, updated_at) VALUES (54, 'CSOS', 'CIVIL SUIT ORIGINATING SUMMONS', NULL, NULL, NULL);
INSERT INTO public.hc_case_types (id, type_name, full_form, created_by, created_at, updated_at) VALUES (55, 'CUSTA', 'APPL.UND.CUSTOMS ACT', NULL, NULL, NULL);
INSERT INTO public.hc_case_types (id, type_name, full_form, created_by, created_at, updated_at) VALUES (56, 'DM', 'UND.CHAPTER V OF O.S. RULES', NULL, NULL, NULL);
INSERT INTO public.hc_case_types (id, type_name, full_form, created_by, created_at, updated_at) VALUES (57, 'EC', 'EXECUTION CASES', NULL, NULL, NULL);
INSERT INTO public.hc_case_types (id, type_name, full_form, created_by, created_at, updated_at) VALUES (58, 'EOPLA', 'EXTRA ORDINARY PROBATE PROCEEDINGS', NULL, NULL, NULL);
INSERT INTO public.hc_case_types (id, type_name, full_form, created_by, created_at, updated_at) VALUES (59, 'EOS', 'EXTRA ORDINARY SUITS', NULL, NULL, NULL);
INSERT INTO public.hc_case_types (id, type_name, full_form, created_by, created_at, updated_at) VALUES (60, 'EP', 'ELEC.PET.(PEOPLES REPRESENTATION ACT, 1951)', NULL, NULL, NULL);
INSERT INTO public.hc_case_types (id, type_name, full_form, created_by, created_at, updated_at) VALUES (61, 'FEA', 'FOREIGN EXCHANGE APPEAL', NULL, NULL, NULL);
INSERT INTO public.hc_case_types (id, type_name, full_form, created_by, created_at, updated_at) VALUES (62, 'FERA', 'APPL.UND.FOREIGN EXCHANGE REGULATION ACT', NULL, NULL, NULL);
INSERT INTO public.hc_case_types (id, type_name, full_form, created_by, created_at, updated_at) VALUES (63, 'GCAL', 'APPL.UND.GOLD CONTROL ACT', NULL, NULL, NULL);
INSERT INTO public.hc_case_types (id, type_name, full_form, created_by, created_at, updated_at) VALUES (64, 'IC', 'INSOLVENCY CASES', NULL, NULL, NULL);
INSERT INTO public.hc_case_types (id, type_name, full_form, created_by, created_at, updated_at) VALUES (65, 'ICA', 'APPL.UNDER INDIAN COMPANIES ACT, 1913', NULL, NULL, NULL);
INSERT INTO public.hc_case_types (id, type_name, full_form, created_by, created_at, updated_at) VALUES (66, 'IP', 'IT.PET.256(2)IT''61', NULL, NULL, NULL);
INSERT INTO public.hc_case_types (id, type_name, full_form, created_by, created_at, updated_at) VALUES (67, 'ITA', 'INCOME TAX APPEAL', NULL, NULL, NULL);
INSERT INTO public.hc_case_types (id, type_name, full_form, created_by, created_at, updated_at) VALUES (68, 'ITAT', 'INCOME TAX APPEAL TENDERED', NULL, NULL, NULL);
INSERT INTO public.hc_case_types (id, type_name, full_form, created_by, created_at, updated_at) VALUES (69, 'ITP', 'INCOME TAX PET.(U/S. 256 (2) OF I.T. ACT, 1961)', NULL, NULL, NULL);
INSERT INTO public.hc_case_types (id, type_name, full_form, created_by, created_at, updated_at) VALUES (70, 'ITR', 'INCOMETAX REF.SEC.256 (1) OF I.T. ACT, 1961', NULL, NULL, NULL);
INSERT INTO public.hc_case_types (id, type_name, full_form, created_by, created_at, updated_at) VALUES (71, 'LM', 'LUNATIC MATTERS', NULL, NULL, NULL);
INSERT INTO public.hc_case_types (id, type_name, full_form, created_by, created_at, updated_at) VALUES (72, 'LPA', 'LETTERS PATENT APPEAL', NULL, NULL, NULL);
INSERT INTO public.hc_case_types (id, type_name, full_form, created_by, created_at, updated_at) VALUES (73, 'MM', 'MISFEAOUCE MATTERS', NULL, NULL, NULL);
INSERT INTO public.hc_case_types (id, type_name, full_form, created_by, created_at, updated_at) VALUES (74, 'MS', 'MATRIMONIAL SUITS', NULL, NULL, NULL);
INSERT INTO public.hc_case_types (id, type_name, full_form, created_by, created_at, updated_at) VALUES (75, 'NM', 'NOTICE OF MOTION', NULL, NULL, NULL);
INSERT INTO public.hc_case_types (id, type_name, full_form, created_by, created_at, updated_at) VALUES (76, 'OCO', 'ORIGINAL SIDE CROSS OBJECTION', NULL, NULL, NULL);
INSERT INTO public.hc_case_types (id, type_name, full_form, created_by, created_at, updated_at) VALUES (77, 'OCOT', 'ORIGINAL SIDE CROSS OBJECTION TENDER', NULL, NULL, NULL);
INSERT INTO public.hc_case_types (id, type_name, full_form, created_by, created_at, updated_at) VALUES (78, 'OTS', 'ORDINANCE TRANSFER SUITS', NULL, NULL, NULL);
INSERT INTO public.hc_case_types (id, type_name, full_form, created_by, created_at, updated_at) VALUES (79, 'PLA', 'APPL.FOR PROBATE & LETTERS OF ADMINISTRATION', NULL, NULL, NULL);
INSERT INTO public.hc_case_types (id, type_name, full_form, created_by, created_at, updated_at) VALUES (80, 'PLR', 'UND.CHPT.XXXI-A OF O.S. RULES', NULL, NULL, NULL);
INSERT INTO public.hc_case_types (id, type_name, full_form, created_by, created_at, updated_at) VALUES (81, 'PMS', 'PARSI MATRIMONIAL SUITS', NULL, NULL, NULL);
INSERT INTO public.hc_case_types (id, type_name, full_form, created_by, created_at, updated_at) VALUES (82, 'REF', 'REFERENCE CASE', NULL, NULL, NULL);
INSERT INTO public.hc_case_types (id, type_name, full_form, created_by, created_at, updated_at) VALUES (83, 'RVWO', 'MEMORANDUM OF REVIEWS', NULL, NULL, NULL);
INSERT INTO public.hc_case_types (id, type_name, full_form, created_by, created_at, updated_at) VALUES (84, 'SALT', 'APPL.UND.SALT ACT', NULL, NULL, NULL);
INSERT INTO public.hc_case_types (id, type_name, full_form, created_by, created_at, updated_at) VALUES (85, 'SANA', 'SANCHAITA APPEAL', NULL, NULL, NULL);
INSERT INTO public.hc_case_types (id, type_name, full_form, created_by, created_at, updated_at) VALUES (86, 'SCO', 'SPECIAL CASE FOR OPINION OF COURT', NULL, NULL, NULL);
INSERT INTO public.hc_case_types (id, type_name, full_form, created_by, created_at, updated_at) VALUES (87, 'SESS', 'SESSIONS CASES', NULL, NULL, NULL);
INSERT INTO public.hc_case_types (id, type_name, full_form, created_by, created_at, updated_at) VALUES (88, 'SS', 'SPECIAL SUITS(SEC 20 OF THE ARBITRATION ACT, 1940', NULL, NULL, NULL);
INSERT INTO public.hc_case_types (id, type_name, full_form, created_by, created_at, updated_at) VALUES (89, 'T', 'TEMP A(1)', NULL, NULL, NULL);
INSERT INTO public.hc_case_types (id, type_name, full_form, created_by, created_at, updated_at) VALUES (90, 'TBCS', 'TRANSFERRED BANKING COMPANIES SUITS', NULL, NULL, NULL);
INSERT INTO public.hc_case_types (id, type_name, full_form, created_by, created_at, updated_at) VALUES (91, 'TCS', 'TRANSFERRED COMPANY SUITS', NULL, NULL, NULL);
INSERT INTO public.hc_case_types (id, type_name, full_form, created_by, created_at, updated_at) VALUES (92, 'TMA', 'TRADE MARK APPEAL', NULL, NULL, NULL);
INSERT INTO public.hc_case_types (id, type_name, full_form, created_by, created_at, updated_at) VALUES (93, 'TS', 'TESTAMENTERY SUITS', NULL, NULL, NULL);
INSERT INTO public.hc_case_types (id, type_name, full_form, created_by, created_at, updated_at) VALUES (94, 'TUA', 'TRADE UNION APPEAL', NULL, NULL, NULL);
INSERT INTO public.hc_case_types (id, type_name, full_form, created_by, created_at, updated_at) VALUES (95, 'WPO', 'WRIT PETITION', NULL, NULL, NULL);
INSERT INTO public.hc_case_types (id, type_name, full_form, created_by, created_at, updated_at) VALUES (96, 'WP.CT', 'WP(CENTRAL ADMIN TRIBUNAL)', NULL, NULL, NULL);
INSERT INTO public.hc_case_types (id, type_name, full_form, created_by, created_at, updated_at) VALUES (97, 'WP.ST', 'WP(STATE ADMIN TRIBUNAL)', NULL, NULL, NULL);
INSERT INTO public.hc_case_types (id, type_name, full_form, created_by, created_at, updated_at) VALUES (98, 'WP.TT', 'WP(WB TAX TRIBUNAL)', NULL, NULL, NULL);
INSERT INTO public.hc_case_types (id, type_name, full_form, created_by, created_at, updated_at) VALUES (99, 'WPCR', 'WRIT PETITION(CIVIL RULE)', NULL, NULL, NULL);


--
-- TOC entry 3324 (class 0 OID 33289)
-- Dependencies: 256
-- Data for Name: history_deleted_data; Type: TABLE DATA; Schema: public; Owner: -
--



--
-- TOC entry 3322 (class 0 OID 33278)
-- Dependencies: 254
-- Data for Name: history_updated_data; Type: TABLE DATA; Schema: public; Owner: -
--



--
-- TOC entry 3334 (class 0 OID 33350)
-- Dependencies: 266
-- Data for Name: jo_documents; Type: TABLE DATA; Schema: public; Owner: -
--



--
-- TOC entry 3328 (class 0 OID 33314)
-- Dependencies: 260
-- Data for Name: jo_legal_experiences; Type: TABLE DATA; Schema: public; Owner: -
--



--
-- TOC entry 3296 (class 0 OID 33017)
-- Dependencies: 228
-- Data for Name: jo_reportings; Type: TABLE DATA; Schema: public; Owner: -
--



--
-- TOC entry 3316 (class 0 OID 33206)
-- Dependencies: 248
-- Data for Name: jo_zone_tenures; Type: TABLE DATA; Schema: public; Owner: -
--



--
-- TOC entry 3298 (class 0 OID 33045)
-- Dependencies: 230
-- Data for Name: judicial_officer_posting_preferences; Type: TABLE DATA; Schema: public; Owner: -
--



--
-- TOC entry 3336 (class 0 OID 33990)
-- Dependencies: 268
-- Data for Name: judicial_officer_postings; Type: TABLE DATA; Schema: public; Owner: -
--



--
-- TOC entry 3292 (class 0 OID 32954)
-- Dependencies: 224
-- Data for Name: judicial_officer_qualifications; Type: TABLE DATA; Schema: public; Owner: -
--



--
-- TOC entry 3290 (class 0 OID 32893)
-- Dependencies: 222
-- Data for Name: judicial_officers; Type: TABLE DATA; Schema: public; Owner: -
--



--
-- TOC entry 3330 (class 0 OID 33332)
-- Dependencies: 262
-- Data for Name: lcr_departments; Type: TABLE DATA; Schema: public; Owner: -
--



--
-- TOC entry 3302 (class 0 OID 33082)
-- Dependencies: 234
-- Data for Name: lcr_hc_ends; Type: TABLE DATA; Schema: public; Owner: -
--



--
-- TOC entry 3304 (class 0 OID 33115)
-- Dependencies: 236
-- Data for Name: lcr_lc_details; Type: TABLE DATA; Schema: public; Owner: -
--



--
-- TOC entry 3320 (class 0 OID 33262)
-- Dependencies: 252
-- Data for Name: lcr_status_checks; Type: TABLE DATA; Schema: public; Owner: -
--



--
-- TOC entry 3308 (class 0 OID 33146)
-- Dependencies: 240
-- Data for Name: lower_case_types; Type: TABLE DATA; Schema: public; Owner: -
--

INSERT INTO public.lower_case_types (id, type_name, created_by, created_at, updated_at) VALUES (52, 'Act 39', NULL, NULL, NULL);
INSERT INTO public.lower_case_types (id, type_name, created_by, created_at, updated_at) VALUES (1, 'Act Viii Miscellaneous Case', NULL, NULL, NULL);
INSERT INTO public.lower_case_types (id, type_name, created_by, created_at, updated_at) VALUES (51, 'Act Xiv', NULL, NULL, NULL);
INSERT INTO public.lower_case_types (id, type_name, created_by, created_at, updated_at) VALUES (58, 'Bail', NULL, NULL, NULL);
INSERT INTO public.lower_case_types (id, type_name, created_by, created_at, updated_at) VALUES (59, 'CEX - Excise Case', NULL, NULL, NULL);
INSERT INTO public.lower_case_types (id, type_name, created_by, created_at, updated_at) VALUES (3, 'Civil Appeal', NULL, NULL, NULL);
INSERT INTO public.lower_case_types (id, type_name, created_by, created_at, updated_at) VALUES (4, 'Civil Execution', NULL, NULL, NULL);
INSERT INTO public.lower_case_types (id, type_name, created_by, created_at, updated_at) VALUES (5, 'Civil Misc', NULL, NULL, NULL);
INSERT INTO public.lower_case_types (id, type_name, created_by, created_at, updated_at) VALUES (6, 'Civil Revision', NULL, NULL, NULL);
INSERT INTO public.lower_case_types (id, type_name, created_by, created_at, updated_at) VALUES (7, 'Complaint Case', NULL, NULL, NULL);
INSERT INTO public.lower_case_types (id, type_name, created_by, created_at, updated_at) VALUES (55, 'C R Case', NULL, NULL, NULL);
INSERT INTO public.lower_case_types (id, type_name, created_by, created_at, updated_at) VALUES (8, 'Criminal Appeal', NULL, NULL, NULL);
INSERT INTO public.lower_case_types (id, type_name, created_by, created_at, updated_at) VALUES (9, 'Criminal Case', NULL, NULL, NULL);
INSERT INTO public.lower_case_types (id, type_name, created_by, created_at, updated_at) VALUES (11, 'Criminal Misc Case', NULL, NULL, NULL);
INSERT INTO public.lower_case_types (id, type_name, created_by, created_at, updated_at) VALUES (12, 'Criminal Revision', NULL, NULL, NULL);
INSERT INTO public.lower_case_types (id, type_name, created_by, created_at, updated_at) VALUES (10, 'Crl. Execution - Criminal Execution', NULL, NULL, NULL);
INSERT INTO public.lower_case_types (id, type_name, created_by, created_at, updated_at) VALUES (23, 'Divorce On Mutual Consent - Matri Suit Divorce Mutual Cons', NULL, NULL, NULL);
INSERT INTO public.lower_case_types (id, type_name, created_by, created_at, updated_at) VALUES (13, 'Electricity Act', NULL, NULL, NULL);
INSERT INTO public.lower_case_types (id, type_name, created_by, created_at, updated_at) VALUES (14, 'Estate Acquisition Appeal', NULL, NULL, NULL);
INSERT INTO public.lower_case_types (id, type_name, created_by, created_at, updated_at) VALUES (16, 'Gr Case', NULL, NULL, NULL);
INSERT INTO public.lower_case_types (id, type_name, created_by, created_at, updated_at) VALUES (17, 'Hindu Adapt. and Maint Act - Hindu Adapt. and Maint Case', NULL, NULL, NULL);
INSERT INTO public.lower_case_types (id, type_name, created_by, created_at, updated_at) VALUES (18, 'Insolvancy Petition', NULL, NULL, NULL);
INSERT INTO public.lower_case_types (id, type_name, created_by, created_at, updated_at) VALUES (19, 'L A C - Land Acquisition Cases', NULL, NULL, NULL);
INSERT INTO public.lower_case_types (id, type_name, created_by, created_at, updated_at) VALUES (20, 'L A Ex. - Land Acquisition Execution', NULL, NULL, NULL);
INSERT INTO public.lower_case_types (id, type_name, created_by, created_at, updated_at) VALUES (53, 'L A Suit', NULL, NULL, NULL);
INSERT INTO public.lower_case_types (id, type_name, created_by, created_at, updated_at) VALUES (21, 'M A C C - M.A.C.C', NULL, NULL, NULL);
INSERT INTO public.lower_case_types (id, type_name, created_by, created_at, updated_at) VALUES (22, 'M A C C Ex. - MACC Execution', NULL, NULL, NULL);
INSERT INTO public.lower_case_types (id, type_name, created_by, created_at, updated_at) VALUES (36, 'Maintenance Case - MR case for Maintenance', NULL, NULL, NULL);
INSERT INTO public.lower_case_types (id, type_name, created_by, created_at, updated_at) VALUES (24, 'Matrimonial Suit', NULL, NULL, NULL);
INSERT INTO public.lower_case_types (id, type_name, created_by, created_at, updated_at) VALUES (25, 'Mc - Misc Case', NULL, NULL, NULL);
INSERT INTO public.lower_case_types (id, type_name, created_by, created_at, updated_at) VALUES (54, 'M C Case', NULL, NULL, NULL);
INSERT INTO public.lower_case_types (id, type_name, created_by, created_at, updated_at) VALUES (29, 'Misc. Appeal', NULL, NULL, NULL);
INSERT INTO public.lower_case_types (id, type_name, created_by, created_at, updated_at) VALUES (26, 'Misc Case (pre-emption)', NULL, NULL, NULL);
INSERT INTO public.lower_case_types (id, type_name, created_by, created_at, updated_at) VALUES (30, 'Misc. Criminal Revision', NULL, NULL, NULL);
INSERT INTO public.lower_case_types (id, type_name, created_by, created_at, updated_at) VALUES (27, 'Misc Crl Case - Misc Criminal Case', NULL, NULL, NULL);
INSERT INTO public.lower_case_types (id, type_name, created_by, created_at, updated_at) VALUES (31, 'Misc. Execution Case', NULL, NULL, NULL);
INSERT INTO public.lower_case_types (id, type_name, created_by, created_at, updated_at) VALUES (57, 'Misc Petition (156) - Misc Petition', NULL, NULL, NULL);
INSERT INTO public.lower_case_types (id, type_name, created_by, created_at, updated_at) VALUES (28, 'Mjc - Misc Judicial Case', NULL, NULL, NULL);
INSERT INTO public.lower_case_types (id, type_name, created_by, created_at, updated_at) VALUES (32, 'Money Appeal', NULL, NULL, NULL);
INSERT INTO public.lower_case_types (id, type_name, created_by, created_at, updated_at) VALUES (33, 'Money Execution', NULL, NULL, NULL);
INSERT INTO public.lower_case_types (id, type_name, created_by, created_at, updated_at) VALUES (34, 'Money Suit', NULL, NULL, NULL);
INSERT INTO public.lower_case_types (id, type_name, created_by, created_at, updated_at) VALUES (35, 'M V Act - Motor Vehicle Case', NULL, NULL, NULL);
INSERT INTO public.lower_case_types (id, type_name, created_by, created_at, updated_at) VALUES (37, 'N D P S Case - NDPS Case', NULL, NULL, NULL);
INSERT INTO public.lower_case_types (id, type_name, created_by, created_at, updated_at) VALUES (38, 'NGR Case', NULL, NULL, NULL);
INSERT INTO public.lower_case_types (id, type_name, created_by, created_at, updated_at) VALUES (39, 'Other Appeal', NULL, NULL, NULL);
INSERT INTO public.lower_case_types (id, type_name, created_by, created_at, updated_at) VALUES (40, 'Other Suit', NULL, NULL, NULL);
INSERT INTO public.lower_case_types (id, type_name, created_by, created_at, updated_at) VALUES (41, 'Probate Suit', NULL, NULL, NULL);
INSERT INTO public.lower_case_types (id, type_name, created_by, created_at, updated_at) VALUES (15, 'S C C Ex. - Execution', NULL, NULL, NULL);
INSERT INTO public.lower_case_types (id, type_name, created_by, created_at, updated_at) VALUES (42, 'S C C Suit - SCC SUIT', NULL, NULL, NULL);
INSERT INTO public.lower_case_types (id, type_name, created_by, created_at, updated_at) VALUES (43, 'Sessions Case', NULL, NULL, NULL);
INSERT INTO public.lower_case_types (id, type_name, created_by, created_at, updated_at) VALUES (44, 'Sessions Trial', NULL, NULL, NULL);
INSERT INTO public.lower_case_types (id, type_name, created_by, created_at, updated_at) VALUES (45, 'Special Court Cases', NULL, NULL, NULL);
INSERT INTO public.lower_case_types (id, type_name, created_by, created_at, updated_at) VALUES (46, 'Succession Case', NULL, NULL, NULL);
INSERT INTO public.lower_case_types (id, type_name, created_by, created_at, updated_at) VALUES (47, 'Title Appeal', NULL, NULL, NULL);
INSERT INTO public.lower_case_types (id, type_name, created_by, created_at, updated_at) VALUES (48, 'Title Execution', NULL, NULL, NULL);
INSERT INTO public.lower_case_types (id, type_name, created_by, created_at, updated_at) VALUES (49, 'Title Suit', NULL, NULL, NULL);
INSERT INTO public.lower_case_types (id, type_name, created_by, created_at, updated_at) VALUES (50, 'Trust Suit', NULL, NULL, NULL);


--
-- TOC entry 3265 (class 0 OID 32750)
-- Dependencies: 197
-- Data for Name: migrations; Type: TABLE DATA; Schema: public; Owner: -
--

INSERT INTO public.migrations (id, migration, batch) VALUES (1, '2014_10_10_000000_create_user_types_table', 1);
INSERT INTO public.migrations (id, migration, batch) VALUES (2, '2014_10_12_100000_create_password_resets_table', 1);
INSERT INTO public.migrations (id, migration, batch) VALUES (3, '2019_06_12_000005_create_states_table', 1);
INSERT INTO public.migrations (id, migration, batch) VALUES (4, '2019_06_12_000010_create_zones_table', 1);
INSERT INTO public.migrations (id, migration, batch) VALUES (5, '2019_06_12_000020_create_districts_table', 1);
INSERT INTO public.migrations (id, migration, batch) VALUES (6, '2019_06_12_000025_create_subdivisions_table', 1);
INSERT INTO public.migrations (id, migration, batch) VALUES (7, '2019_06_12_000040_create_courts_table', 1);
INSERT INTO public.migrations (id, migration, batch) VALUES (8, '2019_06_12_000050_create_qualifications_table', 1);
INSERT INTO public.migrations (id, migration, batch) VALUES (9, '2019_06_12_000060_create_categories_table', 1);
INSERT INTO public.migrations (id, migration, batch) VALUES (10, '2019_06_12_000070_create_designations_table', 1);
INSERT INTO public.migrations (id, migration, batch) VALUES (11, '2019_06_12_000080_create_religions_table', 1);
INSERT INTO public.migrations (id, migration, batch) VALUES (12, '2019_06_12_000090_create_recruitment_batches_table', 1);
INSERT INTO public.migrations (id, migration, batch) VALUES (13, '2019_06_12_000100_create_judicial_officers_table', 1);
INSERT INTO public.migrations (id, migration, batch) VALUES (14, '2019_06_13_091801_create_judicial_officer_qualifications_table', 1);
INSERT INTO public.migrations (id, migration, batch) VALUES (15, '2019_06_13_092952_create_modes_table', 1);
INSERT INTO public.migrations (id, migration, batch) VALUES (17, '2019_06_13_092954_create_jo_reportings_table', 1);
INSERT INTO public.migrations (id, migration, batch) VALUES (18, '2019_06_13_101842_create_judicial_officer_posting_preferences_table', 1);
INSERT INTO public.migrations (id, migration, batch) VALUES (19, '2019_07_22_064308_create_diaries_table', 1);
INSERT INTO public.migrations (id, migration, batch) VALUES (20, '2019_08_13_091522_create_lcr_hc_ends_table', 1);
INSERT INTO public.migrations (id, migration, batch) VALUES (21, '2019_08_13_091810_create_lcr_lc_details_table', 1);
INSERT INTO public.migrations (id, migration, batch) VALUES (22, '2019_08_13_101720_create_hc_case_types_table', 1);
INSERT INTO public.migrations (id, migration, batch) VALUES (23, '2019_08_13_102950_create_lower_case_types_table', 1);
INSERT INTO public.migrations (id, migration, batch) VALUES (24, '2019_09_24_102032_create_grade_details_table', 1);
INSERT INTO public.migrations (id, migration, batch) VALUES (25, '2019_09_24_102258_create_acr_histories_table', 1);
INSERT INTO public.migrations (id, migration, batch) VALUES (26, '2019_11_11_170427_create_zone_subdivisions_table', 1);
INSERT INTO public.migrations (id, migration, batch) VALUES (27, '2019_11_14_163154_create_jo_zone_tenures_table', 1);
INSERT INTO public.migrations (id, migration, batch) VALUES (28, '2019_11_14_163155_create_users_table', 1);
INSERT INTO public.migrations (id, migration, batch) VALUES (29, '2019_11_21_113129_create_lcr_status_checks_table', 1);
INSERT INTO public.migrations (id, migration, batch) VALUES (30, '2019_11_27_153252_create_history_updated_deleted_table', 1);
INSERT INTO public.migrations (id, migration, batch) VALUES (31, '2019_11_27_153905_create_update_delete_procedure', 1);
INSERT INTO public.migrations (id, migration, batch) VALUES (32, '2019_11_27_154543_create_update_delete_trigger', 1);
INSERT INTO public.migrations (id, migration, batch) VALUES (33, '2019_11_28_121009_create_departments_table', 1);
INSERT INTO public.migrations (id, migration, batch) VALUES (34, '2019_11_28_162816_create_jo_legal_experiences_table', 1);
INSERT INTO public.migrations (id, migration, batch) VALUES (35, '2019_12_05_120846_create_lcr_departments_table', 1);
INSERT INTO public.migrations (id, migration, batch) VALUES (36, '2019_12_05_151849_create_document_types_table', 1);
INSERT INTO public.migrations (id, migration, batch) VALUES (37, '2019_12_05_151936_create_jo_documents_table', 1);
INSERT INTO public.migrations (id, migration, batch) VALUES (38, '2019_06_13_092953_create_judicial_officer_postings_table', 2);


--
-- TOC entry 3294 (class 0 OID 32974)
-- Dependencies: 226
-- Data for Name: modes; Type: TABLE DATA; Schema: public; Owner: -
--

INSERT INTO public.modes (id, posting_mode, created_at, updated_at) VALUES (1, 'Court Posting', '2019-11-26 11:33:19', '2019-11-26 11:33:19');
INSERT INTO public.modes (id, posting_mode, created_at, updated_at) VALUES (2, 'Special Posting', '2019-11-26 11:33:26', '2019-11-26 11:33:26');
INSERT INTO public.modes (id, posting_mode, created_at, updated_at) VALUES (3, 'Deputation', '2019-11-26 11:33:26', '2019-11-26 11:33:26');


--
-- TOC entry 3268 (class 0 OID 32764)
-- Dependencies: 200
-- Data for Name: password_resets; Type: TABLE DATA; Schema: public; Owner: -
--



--
-- TOC entry 3280 (class 0 OID 32843)
-- Dependencies: 212
-- Data for Name: qualifications; Type: TABLE DATA; Schema: public; Owner: -
--

INSERT INTO public.qualifications (id, qualification_name, created_by, created_at, updated_at) VALUES (5, 'bcom', 11, '2019-06-25 07:18:30', '2019-06-25 07:18:30');
INSERT INTO public.qualifications (id, qualification_name, created_by, created_at, updated_at) VALUES (7, 'ma llb', 11, '2019-06-25 07:18:47', '2019-06-25 07:18:47');
INSERT INTO public.qualifications (id, qualification_name, created_by, created_at, updated_at) VALUES (8, 'ba llb', 11, '2019-06-28 09:50:19', '2019-07-01 10:14:25');
INSERT INTO public.qualifications (id, qualification_name, created_by, created_at, updated_at) VALUES (10, 'm.sc', 11, '2019-07-01 11:25:58', '2019-07-01 11:27:09');


--
-- TOC entry 3288 (class 0 OID 32883)
-- Dependencies: 220
-- Data for Name: recruitment_batches; Type: TABLE DATA; Schema: public; Owner: -
--

INSERT INTO public.recruitment_batches (id, recruitment_batch_desc, batch_year, created_by, created_at, updated_at) VALUES (5, 'psc 2011', 2011, 11, '2019-06-26 11:49:37', '2019-06-26 11:49:37');
INSERT INTO public.recruitment_batches (id, recruitment_batch_desc, batch_year, created_by, created_at, updated_at) VALUES (8, 'clat 2011', 2003, 11, '2019-06-26 11:55:19', '2019-06-26 11:57:00');
INSERT INTO public.recruitment_batches (id, recruitment_batch_desc, batch_year, created_by, created_at, updated_at) VALUES (1, 'psc 2000', 2000, 11, NULL, '2019-06-29 08:58:19');


--
-- TOC entry 3286 (class 0 OID 32873)
-- Dependencies: 218
-- Data for Name: religions; Type: TABLE DATA; Schema: public; Owner: -
--

INSERT INTO public.religions (id, religion_name, created_by, created_at, updated_at) VALUES (1, 'hindu', 11, NULL, NULL);
INSERT INTO public.religions (id, religion_name, created_by, created_at, updated_at) VALUES (2, 'muslim', 11, '2019-07-02 11:23:49', '2019-07-02 11:24:02');


--
-- TOC entry 3270 (class 0 OID 32773)
-- Dependencies: 202
-- Data for Name: states; Type: TABLE DATA; Schema: public; Owner: -
--

INSERT INTO public.states (id, state_name, created_by, created_at, updated_at) VALUES (2, 'illinois', 11, '2019-06-17 06:27:04', '2019-06-17 06:27:04');
INSERT INTO public.states (id, state_name, created_by, created_at, updated_at) VALUES (3, 'montana', 11, '2019-06-17 06:27:04', '2019-06-17 06:27:04');
INSERT INTO public.states (id, state_name, created_by, created_at, updated_at) VALUES (4, 'new york', 11, '2019-06-17 06:27:04', '2019-06-17 06:27:04');
INSERT INTO public.states (id, state_name, created_by, created_at, updated_at) VALUES (5, 'north dakota', 11, '2019-06-17 06:27:04', '2019-06-17 06:27:04');
INSERT INTO public.states (id, state_name, created_by, created_at, updated_at) VALUES (6, 'maryland', 11, '2019-06-17 06:27:05', '2019-06-17 06:27:05');
INSERT INTO public.states (id, state_name, created_by, created_at, updated_at) VALUES (8, 'wyoming', 11, '2019-06-17 06:27:05', '2019-06-17 06:27:05');
INSERT INTO public.states (id, state_name, created_by, created_at, updated_at) VALUES (9, 'new jersey', 11, '2019-06-17 06:27:05', '2019-06-17 06:27:05');
INSERT INTO public.states (id, state_name, created_by, created_at, updated_at) VALUES (10, 'nevada', 11, '2019-06-17 06:27:05', '2019-06-17 06:27:05');
INSERT INTO public.states (id, state_name, created_by, created_at, updated_at) VALUES (12, 'oklahoma', 11, '2019-06-17 06:27:05', '2019-06-17 06:27:05');
INSERT INTO public.states (id, state_name, created_by, created_at, updated_at) VALUES (13, 'north carolina', 11, '2019-06-17 06:27:05', '2019-06-17 06:27:05');
INSERT INTO public.states (id, state_name, created_by, created_at, updated_at) VALUES (15, 'kansas', 11, '2019-06-17 06:27:05', '2019-06-17 06:27:05');
INSERT INTO public.states (id, state_name, created_by, created_at, updated_at) VALUES (16, 'pennsylvania', 11, '2019-06-17 06:27:05', '2019-06-17 06:27:05');
INSERT INTO public.states (id, state_name, created_by, created_at, updated_at) VALUES (18, 'nebraska', 11, '2019-06-17 06:27:05', '2019-06-17 06:27:05');
INSERT INTO public.states (id, state_name, created_by, created_at, updated_at) VALUES (19, 'utah', 11, '2019-06-17 06:27:05', '2019-06-17 06:27:05');
INSERT INTO public.states (id, state_name, created_by, created_at, updated_at) VALUES (20, 'texas', 11, '2019-06-17 06:27:05', '2019-06-17 06:27:05');
INSERT INTO public.states (id, state_name, created_by, created_at, updated_at) VALUES (21, 'washington', 11, '2019-06-17 06:27:05', '2019-06-17 06:27:05');
INSERT INTO public.states (id, state_name, created_by, created_at, updated_at) VALUES (22, 'missouri', 11, '2019-06-17 06:27:05', '2019-06-17 06:27:05');
INSERT INTO public.states (id, state_name, created_by, created_at, updated_at) VALUES (23, 'wisconsin', 11, '2019-06-17 06:27:05', '2019-06-17 06:27:05');
INSERT INTO public.states (id, state_name, created_by, created_at, updated_at) VALUES (24, 'west virginia', 11, '2019-06-17 06:27:05', '2019-06-17 06:27:05');
INSERT INTO public.states (id, state_name, created_by, created_at, updated_at) VALUES (26, 'louisiana', 11, '2019-06-17 06:27:05', '2019-06-17 06:27:05');
INSERT INTO public.states (id, state_name, created_by, created_at, updated_at) VALUES (27, 'south dakota', 11, '2019-06-17 06:27:05', '2019-06-17 06:27:05');
INSERT INTO public.states (id, state_name, created_by, created_at, updated_at) VALUES (29, 'maine', 11, '2019-06-17 06:27:05', '2019-06-17 06:27:05');
INSERT INTO public.states (id, state_name, created_by, created_at, updated_at) VALUES (30, 'hawaii', 11, '2019-06-17 06:27:05', '2019-06-17 06:27:05');
INSERT INTO public.states (id, state_name, created_by, created_at, updated_at) VALUES (32, 'virginia', 11, '2019-06-17 06:27:06', '2019-06-17 06:27:06');
INSERT INTO public.states (id, state_name, created_by, created_at, updated_at) VALUES (34, 'tennessee', 11, '2019-06-17 06:27:06', '2019-06-17 06:27:06');
INSERT INTO public.states (id, state_name, created_by, created_at, updated_at) VALUES (35, 'new mexico', 11, '2019-06-17 06:27:06', '2019-06-17 06:27:06');
INSERT INTO public.states (id, state_name, created_by, created_at, updated_at) VALUES (36, 'indiana', 11, '2019-06-17 06:27:06', '2019-06-17 06:27:06');
INSERT INTO public.states (id, state_name, created_by, created_at, updated_at) VALUES (37, 'oregon', 11, '2019-06-17 06:27:06', '2019-06-17 06:27:06');
INSERT INTO public.states (id, state_name, created_by, created_at, updated_at) VALUES (38, 'kentucky', 11, '2019-06-17 06:27:06', '2019-06-17 06:27:06');
INSERT INTO public.states (id, state_name, created_by, created_at, updated_at) VALUES (39, 'ohio', 11, '2019-06-17 06:27:06', '2019-06-17 06:27:06');
INSERT INTO public.states (id, state_name, created_by, created_at, updated_at) VALUES (40, 'vermont', 11, '2019-06-17 06:27:06', '2019-06-17 06:27:06');
INSERT INTO public.states (id, state_name, created_by, created_at, updated_at) VALUES (43, 'michigan', 11, '2019-06-17 06:27:06', '2019-06-17 06:27:06');
INSERT INTO public.states (id, state_name, created_by, created_at, updated_at) VALUES (45, 'new hampshire', 11, '2019-06-17 06:27:06', '2019-06-17 06:27:06');
INSERT INTO public.states (id, state_name, created_by, created_at, updated_at) VALUES (47, 'iowa', 11, '2019-06-17 06:27:06', '2019-06-17 06:27:06');
INSERT INTO public.states (id, state_name, created_by, created_at, updated_at) VALUES (48, 'massachusetts', 11, '2019-06-17 06:27:06', '2019-06-17 06:27:06');
INSERT INTO public.states (id, state_name, created_by, created_at, updated_at) VALUES (49, 'mississippi', 11, '2019-06-17 06:27:06', '2019-06-17 06:27:06');
INSERT INTO public.states (id, state_name, created_by, created_at, updated_at) VALUES (50, 'minnesota', 11, '2019-06-17 06:27:06', '2019-06-17 06:27:06');
INSERT INTO public.states (id, state_name, created_by, created_at, updated_at) VALUES (51, 'west bengal', 11, '2019-06-18 10:06:22', '2019-06-18 10:06:22');
INSERT INTO public.states (id, state_name, created_by, created_at, updated_at) VALUES (52, 'bihar', 11, '2019-06-18 10:10:49', '2019-06-18 10:10:49');
INSERT INTO public.states (id, state_name, created_by, created_at, updated_at) VALUES (7, 'odisha', 11, '2019-06-17 06:27:05', '2019-08-05 05:57:55');
INSERT INTO public.states (id, state_name, created_by, created_at, updated_at) VALUES (31, 'andhra pradesh', 11, '2019-06-17 06:27:06', '2019-08-05 05:59:14');
INSERT INTO public.states (id, state_name, created_by, created_at, updated_at) VALUES (68, 'himachal pradesh', 11, '2019-08-05 06:03:19', '2019-08-05 06:03:19');
INSERT INTO public.states (id, state_name, created_by, created_at, updated_at) VALUES (69, 'madhya pradesh', 11, '2019-08-05 06:03:30', '2019-08-05 06:03:30');
INSERT INTO public.states (id, state_name, created_by, created_at, updated_at) VALUES (11, 'maharastra', 11, '2019-06-17 06:27:05', '2019-08-05 06:03:46');
INSERT INTO public.states (id, state_name, created_by, created_at, updated_at) VALUES (28, 'kerala', 11, '2019-06-17 06:27:05', '2019-08-05 06:04:55');
INSERT INTO public.states (id, state_name, created_by, created_at, updated_at) VALUES (1, 'rajasthan', 11, '2019-06-17 06:27:04', '2019-08-05 06:05:07');
INSERT INTO public.states (id, state_name, created_by, created_at, updated_at) VALUES (46, 'tamilnadu', 11, '2019-06-17 06:27:06', '2019-08-05 06:07:52');
INSERT INTO public.states (id, state_name, created_by, created_at, updated_at) VALUES (25, 'karntaka', 11, '2019-06-17 06:27:05', '2019-08-05 06:16:44');
INSERT INTO public.states (id, state_name, created_by, created_at, updated_at) VALUES (44, 'hyderabad', 11, '2019-06-17 06:27:06', '2019-08-05 06:17:30');
INSERT INTO public.states (id, state_name, created_by, created_at, updated_at) VALUES (42, 'jammu and kahmir', 11, '2019-06-17 06:27:06', '2019-08-05 06:17:59');
INSERT INTO public.states (id, state_name, created_by, created_at, updated_at) VALUES (70, 'punjab', 11, '2019-08-05 06:18:05', '2019-08-05 06:18:05');
INSERT INTO public.states (id, state_name, created_by, created_at, updated_at) VALUES (71, 'hariyana', 11, '2019-08-05 06:18:12', '2019-08-05 06:18:12');
INSERT INTO public.states (id, state_name, created_by, created_at, updated_at) VALUES (72, 'jharkhand', 11, '2019-08-05 06:18:28', '2019-08-05 06:18:28');
INSERT INTO public.states (id, state_name, created_by, created_at, updated_at) VALUES (73, 'chattishgarh', 11, '2019-08-05 06:18:43', '2019-08-05 06:18:43');
INSERT INTO public.states (id, state_name, created_by, created_at, updated_at) VALUES (75, 'andaman and nicobar island', 11, '2019-11-11 14:04:17', '2019-11-11 14:04:17');
INSERT INTO public.states (id, state_name, created_by, created_at, updated_at) VALUES (17, 'Gujrat', 11, '2019-06-17 06:27:05', '2019-11-22 15:57:57');


--
-- TOC entry 3276 (class 0 OID 32808)
-- Dependencies: 208
-- Data for Name: subdivisions; Type: TABLE DATA; Schema: public; Owner: -
--

INSERT INTO public.subdivisions (id, subdivision_name, district_id, zone_id, created_by, created_at, updated_at) VALUES (152, 'campvell bay', 50, 8, 11, '2019-11-15 13:28:21', '2019-11-15 13:28:21');
INSERT INTO public.subdivisions (id, subdivision_name, district_id, zone_id, created_by, created_at, updated_at) VALUES (133, 'mayabunder', 50, 8, 11, '2019-11-11 14:08:37', '2019-11-11 14:08:37');
INSERT INTO public.subdivisions (id, subdivision_name, district_id, zone_id, created_by, created_at, updated_at) VALUES (132, 'car nicobar', 50, 8, 11, '2019-11-11 14:08:27', '2019-11-11 14:08:27');
INSERT INTO public.subdivisions (id, subdivision_name, district_id, zone_id, created_by, created_at, updated_at) VALUES (131, 'port blair', 50, 8, 11, '2019-11-11 14:08:16', '2019-11-11 14:08:16');
INSERT INTO public.subdivisions (id, subdivision_name, district_id, zone_id, created_by, created_at, updated_at) VALUES (130, 'mal', 48, 8, 11, '2019-11-11 14:02:42', '2019-11-11 14:02:42');
INSERT INTO public.subdivisions (id, subdivision_name, district_id, zone_id, created_by, created_at, updated_at) VALUES (129, 'alipurduar', 48, 8, 11, '2019-11-11 14:02:34', '2019-11-11 14:02:34');
INSERT INTO public.subdivisions (id, subdivision_name, district_id, zone_id, created_by, created_at, updated_at) VALUES (128, 'jalpaiguri sadar', 48, 8, 11, '2019-11-11 14:02:08', '2019-11-11 14:02:08');
INSERT INTO public.subdivisions (id, subdivision_name, district_id, zone_id, created_by, created_at, updated_at) VALUES (127, 'buniadpur', 49, 8, 11, '2019-11-11 14:01:48', '2019-11-11 14:01:48');
INSERT INTO public.subdivisions (id, subdivision_name, district_id, zone_id, created_by, created_at, updated_at) VALUES (125, 'balurghat', 49, 8, 11, '2019-11-11 14:01:02', '2019-11-11 14:01:02');
INSERT INTO public.subdivisions (id, subdivision_name, district_id, zone_id, created_by, created_at, updated_at) VALUES (124, 'gorubathan', 7, 8, 11, '2019-11-11 13:59:52', '2019-11-11 13:59:52');
INSERT INTO public.subdivisions (id, subdivision_name, district_id, zone_id, created_by, created_at, updated_at) VALUES (123, 'kalimpong sadar', 7, 8, 11, '2019-11-11 13:59:32', '2019-11-11 13:59:32');
INSERT INTO public.subdivisions (id, subdivision_name, district_id, zone_id, created_by, created_at, updated_at) VALUES (122, 'mungpoo', 10, 8, 11, '2019-11-11 13:59:14', '2019-11-11 13:59:14');
INSERT INTO public.subdivisions (id, subdivision_name, district_id, zone_id, created_by, created_at, updated_at) VALUES (121, 'mirik', 10, 8, 11, '2019-11-11 13:59:04', '2019-11-11 13:59:04');
INSERT INTO public.subdivisions (id, subdivision_name, district_id, zone_id, created_by, created_at, updated_at) VALUES (120, 'kurseong', 10, 8, 11, '2019-11-11 13:58:55', '2019-11-11 13:58:55');
INSERT INTO public.subdivisions (id, subdivision_name, district_id, zone_id, created_by, created_at, updated_at) VALUES (119, 'siliguri', 10, 8, 11, '2019-11-11 13:58:43', '2019-11-11 13:58:43');
INSERT INTO public.subdivisions (id, subdivision_name, district_id, zone_id, created_by, created_at, updated_at) VALUES (118, 'darjeeling sadar', 10, 8, 11, '2019-11-11 13:58:19', '2019-11-11 13:58:19');
INSERT INTO public.subdivisions (id, subdivision_name, district_id, zone_id, created_by, created_at, updated_at) VALUES (117, 'mekhligunj', 47, 8, 11, '2019-11-11 13:57:57', '2019-11-11 13:57:57');
INSERT INTO public.subdivisions (id, subdivision_name, district_id, zone_id, created_by, created_at, updated_at) VALUES (116, 'mathabhanga', 47, 8, 11, '2019-11-11 13:57:43', '2019-11-11 13:57:43');
INSERT INTO public.subdivisions (id, subdivision_name, district_id, zone_id, created_by, created_at, updated_at) VALUES (115, 'tufangunj', 47, 8, 11, '2019-11-11 13:57:27', '2019-11-11 13:57:27');
INSERT INTO public.subdivisions (id, subdivision_name, district_id, zone_id, created_by, created_at, updated_at) VALUES (113, 'dinhata', 47, 8, 11, '2019-11-11 13:56:39', '2019-11-11 13:56:39');
INSERT INTO public.subdivisions (id, subdivision_name, district_id, zone_id, created_by, created_at, updated_at) VALUES (112, 'cooch behar sadar', 47, 8, 11, '2019-11-11 13:56:24', '2019-11-11 13:56:24');
INSERT INTO public.subdivisions (id, subdivision_name, district_id, zone_id, created_by, created_at, updated_at) VALUES (111, 'islampur', 29, 8, 11, '2019-11-11 13:56:03', '2019-11-11 13:56:03');
INSERT INTO public.subdivisions (id, subdivision_name, district_id, zone_id, created_by, created_at, updated_at) VALUES (110, 'raiganj', 29, 8, 11, '2019-11-11 13:55:49', '2019-11-11 13:55:49');
INSERT INTO public.subdivisions (id, subdivision_name, district_id, zone_id, created_by, created_at, updated_at) VALUES (109, 'lalbagh', 44, 7, 11, '2019-11-11 13:53:14', '2019-11-11 13:53:14');
INSERT INTO public.subdivisions (id, subdivision_name, district_id, zone_id, created_by, created_at, updated_at) VALUES (108, 'kandi', 44, 7, 11, '2019-11-11 13:52:34', '2019-11-11 13:52:34');
INSERT INTO public.subdivisions (id, subdivision_name, district_id, zone_id, created_by, created_at, updated_at) VALUES (106, 'berhampore', 44, 7, 11, '2019-11-11 13:52:11', '2019-11-11 13:52:11');
INSERT INTO public.subdivisions (id, subdivision_name, district_id, zone_id, created_by, created_at, updated_at) VALUES (107, 'jangipur', 44, 7, 11, '2019-11-11 13:52:25', '2019-11-11 13:52:25');
INSERT INTO public.subdivisions (id, subdivision_name, district_id, zone_id, created_by, created_at, updated_at) VALUES (105, 'haldia', 43, 6, 11, '2019-11-11 13:51:34', '2019-11-11 13:51:34');
INSERT INTO public.subdivisions (id, subdivision_name, district_id, zone_id, created_by, created_at, updated_at) VALUES (104, 'contai', 43, 6, 11, '2019-11-11 13:48:53', '2019-11-11 13:48:53');
INSERT INTO public.subdivisions (id, subdivision_name, district_id, zone_id, created_by, created_at, updated_at) VALUES (103, 'tamluk', 45, 6, 11, '2019-11-11 13:48:14', '2019-11-11 13:48:33');
INSERT INTO public.subdivisions (id, subdivision_name, district_id, zone_id, created_by, created_at, updated_at) VALUES (102, 'nabadwip', 46, 6, 11, '2019-11-11 13:47:28', '2019-11-11 13:47:28');
INSERT INTO public.subdivisions (id, subdivision_name, district_id, zone_id, created_by, created_at, updated_at) VALUES (101, 'tehatta', 46, 6, 11, '2019-11-11 13:47:06', '2019-11-11 13:47:06');
INSERT INTO public.subdivisions (id, subdivision_name, district_id, zone_id, created_by, created_at, updated_at) VALUES (100, 'ranaghat', 46, 6, 11, '2019-11-11 13:46:53', '2019-11-11 13:46:53');
INSERT INTO public.subdivisions (id, subdivision_name, district_id, zone_id, created_by, created_at, updated_at) VALUES (99, 'kalyani', 46, 4, 11, '2019-11-11 13:46:33', '2019-11-11 13:46:33');
INSERT INTO public.subdivisions (id, subdivision_name, district_id, zone_id, created_by, created_at, updated_at) VALUES (98, 'krishnanagar', 46, 6, 11, '2019-11-11 13:46:17', '2019-11-11 13:46:17');
INSERT INTO public.subdivisions (id, subdivision_name, district_id, zone_id, created_by, created_at, updated_at) VALUES (97, 'kharagpur', 43, 6, 11, '2019-11-11 13:28:42', '2019-11-11 13:28:42');
INSERT INTO public.subdivisions (id, subdivision_name, district_id, zone_id, created_by, created_at, updated_at) VALUES (96, 'garbeta', 43, 6, 11, '2019-11-11 13:28:13', '2019-11-11 13:28:13');
INSERT INTO public.subdivisions (id, subdivision_name, district_id, zone_id, created_by, created_at, updated_at) VALUES (95, 'dantan', 43, 6, 11, '2019-11-11 13:27:47', '2019-11-11 13:27:47');
INSERT INTO public.subdivisions (id, subdivision_name, district_id, zone_id, created_by, created_at, updated_at) VALUES (94, 'ghatal', 43, 6, 11, '2019-11-11 13:27:28', '2019-11-11 13:27:28');
INSERT INTO public.subdivisions (id, subdivision_name, district_id, zone_id, created_by, created_at, updated_at) VALUES (93, 'paschim medinipur sadar', 43, 6, 11, '2019-11-11 13:27:14', '2019-11-11 13:27:14');
INSERT INTO public.subdivisions (id, subdivision_name, district_id, zone_id, created_by, created_at, updated_at) VALUES (92, 'durgapur', 41, 6, 11, '2019-11-11 13:24:04', '2019-11-11 13:24:04');
INSERT INTO public.subdivisions (id, subdivision_name, district_id, zone_id, created_by, created_at, updated_at) VALUES (91, 'asansol', 41, 6, 11, '2019-11-11 13:23:34', '2019-11-11 13:23:34');
INSERT INTO public.subdivisions (id, subdivision_name, district_id, zone_id, created_by, created_at, updated_at) VALUES (90, 'jhargram', 42, 6, 11, '2019-11-11 13:23:05', '2019-11-11 13:23:05');
INSERT INTO public.subdivisions (id, subdivision_name, district_id, zone_id, created_by, created_at, updated_at) VALUES (89, 'katwa', 40, 6, 11, '2019-11-11 13:22:40', '2019-11-11 13:22:40');
INSERT INTO public.subdivisions (id, subdivision_name, district_id, zone_id, created_by, created_at, updated_at) VALUES (88, 'kalna', 40, 6, 11, '2019-11-11 13:22:20', '2019-11-11 13:22:20');
INSERT INTO public.subdivisions (id, subdivision_name, district_id, zone_id, created_by, created_at, updated_at) VALUES (87, 'purba bardhaman sadar', 40, 6, 11, '2019-11-11 13:22:06', '2019-11-11 13:22:06');
INSERT INTO public.subdivisions (id, subdivision_name, district_id, zone_id, created_by, created_at, updated_at) VALUES (86, 'raghunathpur', 5, 7, 11, '2019-11-11 13:07:24', '2019-11-11 13:07:24');
INSERT INTO public.subdivisions (id, subdivision_name, district_id, zone_id, created_by, created_at, updated_at) VALUES (85, 'purulia sadar', 5, 7, 11, '2019-11-11 13:07:06', '2019-11-11 13:07:06');
INSERT INTO public.subdivisions (id, subdivision_name, district_id, zone_id, created_by, created_at, updated_at) VALUES (83, 'chanchal', 6, 7, 11, '2019-11-11 13:04:39', '2019-11-11 13:04:39');
INSERT INTO public.subdivisions (id, subdivision_name, district_id, zone_id, created_by, created_at, updated_at) VALUES (82, 'malda sadar', 6, 7, 11, '2019-11-11 13:04:24', '2019-11-11 13:04:24');
INSERT INTO public.subdivisions (id, subdivision_name, district_id, zone_id, created_by, created_at, updated_at) VALUES (81, 'dubrajpur', 27, 7, 11, '2019-11-11 13:04:02', '2019-11-11 13:04:02');
INSERT INTO public.subdivisions (id, subdivision_name, district_id, zone_id, created_by, created_at, updated_at) VALUES (80, 'rampurhat', 27, 7, 11, '2019-11-11 13:03:39', '2019-11-11 13:03:39');
INSERT INTO public.subdivisions (id, subdivision_name, district_id, zone_id, created_by, created_at, updated_at) VALUES (79, 'bolpur', 27, 7, 11, '2019-11-11 13:03:21', '2019-11-11 13:03:21');
INSERT INTO public.subdivisions (id, subdivision_name, district_id, zone_id, created_by, created_at, updated_at) VALUES (78, 'birbhum sadar', 27, 7, 11, '2019-11-11 13:03:09', '2019-11-11 13:03:09');
INSERT INTO public.subdivisions (id, subdivision_name, district_id, zone_id, created_by, created_at, updated_at) VALUES (77, 'khatra', 25, 7, 11, '2019-11-11 13:02:41', '2019-11-11 13:02:41');
INSERT INTO public.subdivisions (id, subdivision_name, district_id, zone_id, created_by, created_at, updated_at) VALUES (76, 'bishnupur', 25, 7, 11, '2019-11-11 13:02:30', '2019-11-11 13:02:30');
INSERT INTO public.subdivisions (id, subdivision_name, district_id, zone_id, created_by, created_at, updated_at) VALUES (75, 'bankura sadar', 25, 7, 11, '2019-11-11 13:02:17', '2019-11-11 13:02:17');
INSERT INTO public.subdivisions (id, subdivision_name, district_id, zone_id, created_by, created_at, updated_at) VALUES (74, 'sealdah', 13, 4, 11, '2019-11-11 12:56:33', '2019-11-11 12:56:33');
INSERT INTO public.subdivisions (id, subdivision_name, district_id, zone_id, created_by, created_at, updated_at) VALUES (71, 'kakdwip', 13, 4, 11, '2019-11-11 12:39:24', '2019-11-11 12:39:24');
INSERT INTO public.subdivisions (id, subdivision_name, district_id, zone_id, created_by, created_at, updated_at) VALUES (70, 'diamond harbour', 13, 4, 11, '2019-11-11 12:38:53', '2019-11-11 12:38:53');
INSERT INTO public.subdivisions (id, subdivision_name, district_id, zone_id, created_by, created_at, updated_at) VALUES (69, 'baruipore', 13, 4, 11, '2019-11-11 12:38:32', '2019-11-11 12:38:32');
INSERT INTO public.subdivisions (id, subdivision_name, district_id, zone_id, created_by, created_at, updated_at) VALUES (68, 'alipore', 13, 4, 11, '2019-11-11 12:38:18', '2019-11-15 14:35:01');
INSERT INTO public.subdivisions (id, subdivision_name, district_id, zone_id, created_by, created_at, updated_at) VALUES (67, 'basirhat', 38, 6, 11, '2019-11-11 12:37:43', '2019-11-11 12:37:43');
INSERT INTO public.subdivisions (id, subdivision_name, district_id, zone_id, created_by, created_at, updated_at) VALUES (66, 'bongaon', 38, 6, 11, '2019-11-11 12:37:28', '2019-11-11 12:37:28');
INSERT INTO public.subdivisions (id, subdivision_name, district_id, zone_id, created_by, created_at, updated_at) VALUES (65, 'sealdah', 38, 4, 11, '2019-11-11 12:37:00', '2019-11-11 12:37:00');
INSERT INTO public.subdivisions (id, subdivision_name, district_id, zone_id, created_by, created_at, updated_at) VALUES (64, 'bidhannagar', 38, 4, 11, '2019-11-11 12:36:40', '2019-11-11 12:36:40');
INSERT INTO public.subdivisions (id, subdivision_name, district_id, zone_id, created_by, created_at, updated_at) VALUES (63, 'barrackpore', 38, 4, 11, '2019-11-11 12:36:18', '2019-11-11 12:36:18');
INSERT INTO public.subdivisions (id, subdivision_name, district_id, zone_id, created_by, created_at, updated_at) VALUES (62, 'barasat', 38, 4, 11, '2019-11-11 12:35:41', '2019-11-11 12:35:41');
INSERT INTO public.subdivisions (id, subdivision_name, district_id, zone_id, created_by, created_at, updated_at) VALUES (61, 'amta', 26, 4, 11, '2019-11-11 12:25:28', '2019-11-11 12:25:28');
INSERT INTO public.subdivisions (id, subdivision_name, district_id, zone_id, created_by, created_at, updated_at) VALUES (60, 'uluberia', 26, 4, 11, '2019-11-11 12:25:19', '2019-11-11 12:25:19');
INSERT INTO public.subdivisions (id, subdivision_name, district_id, zone_id, created_by, created_at, updated_at) VALUES (58, 'howrah sadar', 26, 4, 11, '2019-11-11 12:24:01', '2019-11-11 12:24:01');
INSERT INTO public.subdivisions (id, subdivision_name, district_id, zone_id, created_by, created_at, updated_at) VALUES (57, 'arambagh', 28, 6, 11, '2019-11-11 12:18:01', '2019-11-11 12:18:01');
INSERT INTO public.subdivisions (id, subdivision_name, district_id, zone_id, created_by, created_at, updated_at) VALUES (56, 'chandannagar', 28, 4, 11, '2019-11-11 12:17:46', '2019-11-11 12:17:46');
INSERT INTO public.subdivisions (id, subdivision_name, district_id, zone_id, created_by, created_at, updated_at) VALUES (55, 'serampore', 28, 4, 11, '2019-11-11 12:17:18', '2019-11-11 12:17:18');
INSERT INTO public.subdivisions (id, subdivision_name, district_id, zone_id, created_by, created_at, updated_at) VALUES (54, 'hoogly sadar', 28, 4, 11, '2019-11-11 12:16:48', '2019-11-11 12:24:53');
INSERT INTO public.subdivisions (id, subdivision_name, district_id, zone_id, created_by, created_at, updated_at) VALUES (53, 'provincial  small causes court (pscc)', 36, 4, 11, '2019-11-11 12:14:15', '2019-11-11 12:15:22');
INSERT INTO public.subdivisions (id, subdivision_name, district_id, zone_id, created_by, created_at, updated_at) VALUES (52, 'city civil court', 36, 4, 11, '2019-11-11 12:14:01', '2019-11-11 12:14:01');
INSERT INTO public.subdivisions (id, subdivision_name, district_id, zone_id, created_by, created_at, updated_at) VALUES (51, 'city sessions court', 36, 4, 11, '2019-11-11 12:13:44', '2019-11-11 12:13:44');
INSERT INTO public.subdivisions (id, subdivision_name, district_id, zone_id, created_by, created_at, updated_at) VALUES (2, 'abc', 50, 8, 11, '2019-11-22 16:03:51', '2019-11-22 16:03:51');


--
-- TOC entry 3267 (class 0 OID 32758)
-- Dependencies: 199
-- Data for Name: user_types; Type: TABLE DATA; Schema: public; Owner: -
--

INSERT INTO public.user_types (id, type_name, created_at, updated_at) VALUES (6, 'Court', '2019-08-30 06:31:42', '2019-08-30 06:31:42');
INSERT INTO public.user_types (id, type_name, created_at, updated_at) VALUES (1, 'Administrator', NULL, NULL);
INSERT INTO public.user_types (id, type_name, created_at, updated_at) VALUES (5, 'Inspection', '2019-08-28 08:33:30', '2019-11-22 14:23:26');
INSERT INTO public.user_types (id, type_name, created_at, updated_at) VALUES (2, 'Judicial Officer', NULL, '2019-11-22 14:24:03');
INSERT INTO public.user_types (id, type_name, created_at, updated_at) VALUES (7, 'Central Dispatch Section', '2019-11-22 17:41:12', '2019-11-22 17:41:12');
INSERT INTO public.user_types (id, type_name, created_at, updated_at) VALUES (8, 'Department', '2019-11-28 16:17:12', '2019-11-28 16:17:12');


--
-- TOC entry 3318 (class 0 OID 33226)
-- Dependencies: 250
-- Data for Name: users; Type: TABLE DATA; Schema: public; Owner: -
--

INSERT INTO public.users (id, user_id, name, user_type_id, court_id, judicial_officer_id, jo_code, department_id, email, email_verified_at, password, remember_token, created_at, updated_at) VALUES (30, 'court1', 'Court', 6, 3, NULL, NULL, NULL, 'court1@court1.court1', NULL, '$2y$10$aBAFK1T59AzcJVKBGLkV4uMOHGSxxYUkuFR0IE84imZjK55wryJ2u', NULL, '2019-09-16 10:59:20', '2019-09-16 10:59:20');
INSERT INTO public.users (id, user_id, name, user_type_id, court_id, judicial_officer_id, jo_code, department_id, email, email_verified_at, password, remember_token, created_at, updated_at) VALUES (11, 'admin', 'administrator 1', 1, 1, NULL, NULL, NULL, 'admin@admin.admin', NULL, '$2y$10$aBAFK1T59AzcJVKBGLkV4uMOHGSxxYUkuFR0IE84imZjK55wryJ2u', '4xyOJnIl4Uz9PNHW9MBqXaupVU7KKre7FJJuFsznlI9XMQP7T9vRffdu1EAE', '2019-06-19 06:00:07', '2019-06-19 06:00:07');


--
-- TOC entry 3314 (class 0 OID 33186)
-- Dependencies: 246
-- Data for Name: zone_subdivisions; Type: TABLE DATA; Schema: public; Owner: -
--



--
-- TOC entry 3272 (class 0 OID 32783)
-- Dependencies: 204
-- Data for Name: zones; Type: TABLE DATA; Schema: public; Owner: -
--

INSERT INTO public.zones (id, zone_name, min_service_days, created_by, created_at, updated_at) VALUES (4, 'a', 1095, 11, '2019-11-13 00:00:00', '2019-11-13 00:00:00');
INSERT INTO public.zones (id, zone_name, min_service_days, created_by, created_at, updated_at) VALUES (6, 'b', 1095, 11, '2019-11-13 00:00:00', '2019-11-13 00:00:00');
INSERT INTO public.zones (id, zone_name, min_service_days, created_by, created_at, updated_at) VALUES (8, 'd', 730, 11, '2019-11-13 00:00:00', '2019-11-13 00:00:00');
INSERT INTO public.zones (id, zone_name, min_service_days, created_by, created_at, updated_at) VALUES (7, 'c', 1095, 11, '2019-11-13 00:00:00', '2019-11-15 11:31:20');


--
-- TOC entry 3378 (class 0 OID 0)
-- Dependencies: 243
-- Name: acr_histories_id_seq; Type: SEQUENCE SET; Schema: public; Owner: -
--

SELECT pg_catalog.setval('public.acr_histories_id_seq', 1, false);


--
-- TOC entry 3379 (class 0 OID 0)
-- Dependencies: 213
-- Name: categories_id_seq; Type: SEQUENCE SET; Schema: public; Owner: -
--

SELECT pg_catalog.setval('public.categories_id_seq', 1, false);


--
-- TOC entry 3380 (class 0 OID 0)
-- Dependencies: 209
-- Name: courts_id_seq; Type: SEQUENCE SET; Schema: public; Owner: -
--

SELECT pg_catalog.setval('public.courts_id_seq', 1, false);


--
-- TOC entry 3381 (class 0 OID 0)
-- Dependencies: 257
-- Name: departments_id_seq; Type: SEQUENCE SET; Schema: public; Owner: -
--

SELECT pg_catalog.setval('public.departments_id_seq', 1, false);


--
-- TOC entry 3382 (class 0 OID 0)
-- Dependencies: 215
-- Name: designations_id_seq; Type: SEQUENCE SET; Schema: public; Owner: -
--

SELECT pg_catalog.setval('public.designations_id_seq', 1, false);


--
-- TOC entry 3383 (class 0 OID 0)
-- Dependencies: 231
-- Name: diaries_id_seq; Type: SEQUENCE SET; Schema: public; Owner: -
--

SELECT pg_catalog.setval('public.diaries_id_seq', 1, false);


--
-- TOC entry 3384 (class 0 OID 0)
-- Dependencies: 205
-- Name: districts_id_seq; Type: SEQUENCE SET; Schema: public; Owner: -
--

SELECT pg_catalog.setval('public.districts_id_seq', 1, false);


--
-- TOC entry 3385 (class 0 OID 0)
-- Dependencies: 263
-- Name: document_types_id_seq; Type: SEQUENCE SET; Schema: public; Owner: -
--

SELECT pg_catalog.setval('public.document_types_id_seq', 1, false);


--
-- TOC entry 3386 (class 0 OID 0)
-- Dependencies: 241
-- Name: grade_details_id_seq; Type: SEQUENCE SET; Schema: public; Owner: -
--

SELECT pg_catalog.setval('public.grade_details_id_seq', 1, false);


--
-- TOC entry 3387 (class 0 OID 0)
-- Dependencies: 237
-- Name: hc_case_types_id_seq; Type: SEQUENCE SET; Schema: public; Owner: -
--

SELECT pg_catalog.setval('public.hc_case_types_id_seq', 1, false);


--
-- TOC entry 3388 (class 0 OID 0)
-- Dependencies: 255
-- Name: history_deleted_data_id_seq; Type: SEQUENCE SET; Schema: public; Owner: -
--

SELECT pg_catalog.setval('public.history_deleted_data_id_seq', 1, false);


--
-- TOC entry 3389 (class 0 OID 0)
-- Dependencies: 253
-- Name: history_updated_data_id_seq; Type: SEQUENCE SET; Schema: public; Owner: -
--

SELECT pg_catalog.setval('public.history_updated_data_id_seq', 1, false);


--
-- TOC entry 3390 (class 0 OID 0)
-- Dependencies: 265
-- Name: jo_documents_id_seq; Type: SEQUENCE SET; Schema: public; Owner: -
--

SELECT pg_catalog.setval('public.jo_documents_id_seq', 1, false);


--
-- TOC entry 3391 (class 0 OID 0)
-- Dependencies: 259
-- Name: jo_legal_experiences_id_seq; Type: SEQUENCE SET; Schema: public; Owner: -
--

SELECT pg_catalog.setval('public.jo_legal_experiences_id_seq', 1, false);


--
-- TOC entry 3392 (class 0 OID 0)
-- Dependencies: 227
-- Name: jo_reportings_id_seq; Type: SEQUENCE SET; Schema: public; Owner: -
--

SELECT pg_catalog.setval('public.jo_reportings_id_seq', 1, false);


--
-- TOC entry 3393 (class 0 OID 0)
-- Dependencies: 247
-- Name: jo_zone_tenures_id_seq; Type: SEQUENCE SET; Schema: public; Owner: -
--

SELECT pg_catalog.setval('public.jo_zone_tenures_id_seq', 1, false);


--
-- TOC entry 3394 (class 0 OID 0)
-- Dependencies: 229
-- Name: judicial_officer_posting_preferences_id_seq; Type: SEQUENCE SET; Schema: public; Owner: -
--

SELECT pg_catalog.setval('public.judicial_officer_posting_preferences_id_seq', 1, false);


--
-- TOC entry 3395 (class 0 OID 0)
-- Dependencies: 267
-- Name: judicial_officer_postings_id_seq; Type: SEQUENCE SET; Schema: public; Owner: -
--

SELECT pg_catalog.setval('public.judicial_officer_postings_id_seq', 1, false);


--
-- TOC entry 3396 (class 0 OID 0)
-- Dependencies: 223
-- Name: judicial_officer_qualifications_id_seq; Type: SEQUENCE SET; Schema: public; Owner: -
--

SELECT pg_catalog.setval('public.judicial_officer_qualifications_id_seq', 1, false);


--
-- TOC entry 3397 (class 0 OID 0)
-- Dependencies: 221
-- Name: judicial_officers_id_seq; Type: SEQUENCE SET; Schema: public; Owner: -
--

SELECT pg_catalog.setval('public.judicial_officers_id_seq', 1, false);


--
-- TOC entry 3398 (class 0 OID 0)
-- Dependencies: 261
-- Name: lcr_departments_id_seq; Type: SEQUENCE SET; Schema: public; Owner: -
--

SELECT pg_catalog.setval('public.lcr_departments_id_seq', 1, false);


--
-- TOC entry 3399 (class 0 OID 0)
-- Dependencies: 233
-- Name: lcr_hc_ends_id_seq; Type: SEQUENCE SET; Schema: public; Owner: -
--

SELECT pg_catalog.setval('public.lcr_hc_ends_id_seq', 1, false);


--
-- TOC entry 3400 (class 0 OID 0)
-- Dependencies: 235
-- Name: lcr_lc_details_id_seq; Type: SEQUENCE SET; Schema: public; Owner: -
--

SELECT pg_catalog.setval('public.lcr_lc_details_id_seq', 1, false);


--
-- TOC entry 3401 (class 0 OID 0)
-- Dependencies: 251
-- Name: lcr_status_checks_id_seq; Type: SEQUENCE SET; Schema: public; Owner: -
--

SELECT pg_catalog.setval('public.lcr_status_checks_id_seq', 1, false);


--
-- TOC entry 3402 (class 0 OID 0)
-- Dependencies: 239
-- Name: lower_case_types_id_seq; Type: SEQUENCE SET; Schema: public; Owner: -
--

SELECT pg_catalog.setval('public.lower_case_types_id_seq', 1, false);


--
-- TOC entry 3403 (class 0 OID 0)
-- Dependencies: 196
-- Name: migrations_id_seq; Type: SEQUENCE SET; Schema: public; Owner: -
--

SELECT pg_catalog.setval('public.migrations_id_seq', 38, true);


--
-- TOC entry 3404 (class 0 OID 0)
-- Dependencies: 225
-- Name: modes_id_seq; Type: SEQUENCE SET; Schema: public; Owner: -
--

SELECT pg_catalog.setval('public.modes_id_seq', 1, false);


--
-- TOC entry 3405 (class 0 OID 0)
-- Dependencies: 211
-- Name: qualifications_id_seq; Type: SEQUENCE SET; Schema: public; Owner: -
--

SELECT pg_catalog.setval('public.qualifications_id_seq', 1, false);


--
-- TOC entry 3406 (class 0 OID 0)
-- Dependencies: 219
-- Name: recruitment_batches_id_seq; Type: SEQUENCE SET; Schema: public; Owner: -
--

SELECT pg_catalog.setval('public.recruitment_batches_id_seq', 1, false);


--
-- TOC entry 3407 (class 0 OID 0)
-- Dependencies: 217
-- Name: religions_id_seq; Type: SEQUENCE SET; Schema: public; Owner: -
--

SELECT pg_catalog.setval('public.religions_id_seq', 1, false);


--
-- TOC entry 3408 (class 0 OID 0)
-- Dependencies: 201
-- Name: states_id_seq; Type: SEQUENCE SET; Schema: public; Owner: -
--

SELECT pg_catalog.setval('public.states_id_seq', 1, false);


--
-- TOC entry 3409 (class 0 OID 0)
-- Dependencies: 207
-- Name: subdivisions_id_seq; Type: SEQUENCE SET; Schema: public; Owner: -
--

SELECT pg_catalog.setval('public.subdivisions_id_seq', 1, false);


--
-- TOC entry 3410 (class 0 OID 0)
-- Dependencies: 198
-- Name: user_types_id_seq; Type: SEQUENCE SET; Schema: public; Owner: -
--

SELECT pg_catalog.setval('public.user_types_id_seq', 1, false);


--
-- TOC entry 3411 (class 0 OID 0)
-- Dependencies: 249
-- Name: users_id_seq; Type: SEQUENCE SET; Schema: public; Owner: -
--

SELECT pg_catalog.setval('public.users_id_seq', 1, false);


--
-- TOC entry 3412 (class 0 OID 0)
-- Dependencies: 245
-- Name: zone_subdivisions_id_seq; Type: SEQUENCE SET; Schema: public; Owner: -
--

SELECT pg_catalog.setval('public.zone_subdivisions_id_seq', 1, false);


--
-- TOC entry 3413 (class 0 OID 0)
-- Dependencies: 203
-- Name: zones_id_seq; Type: SEQUENCE SET; Schema: public; Owner: -
--

SELECT pg_catalog.setval('public.zones_id_seq', 1, false);


--
-- TOC entry 3054 (class 2606 OID 33173)
-- Name: acr_histories acr_histories_judicial_officer_id_year_unique; Type: CONSTRAINT; Schema: public; Owner: -
--

ALTER TABLE ONLY public.acr_histories
    ADD CONSTRAINT acr_histories_judicial_officer_id_year_unique UNIQUE (judicial_officer_id, year);


--
-- TOC entry 3056 (class 2606 OID 33171)
-- Name: acr_histories acr_histories_pkey; Type: CONSTRAINT; Schema: public; Owner: -
--

ALTER TABLE ONLY public.acr_histories
    ADD CONSTRAINT acr_histories_pkey PRIMARY KEY (id);


--
-- TOC entry 2980 (class 2606 OID 32860)
-- Name: categories categories_category_name_unique; Type: CONSTRAINT; Schema: public; Owner: -
--

ALTER TABLE ONLY public.categories
    ADD CONSTRAINT categories_category_name_unique UNIQUE (category_name);


--
-- TOC entry 2982 (class 2606 OID 32858)
-- Name: categories categories_pkey; Type: CONSTRAINT; Schema: public; Owner: -
--

ALTER TABLE ONLY public.categories
    ADD CONSTRAINT categories_pkey PRIMARY KEY (id);


--
-- TOC entry 2972 (class 2606 OID 32840)
-- Name: courts courts_court_name_unique; Type: CONSTRAINT; Schema: public; Owner: -
--

ALTER TABLE ONLY public.courts
    ADD CONSTRAINT courts_court_name_unique UNIQUE (court_name);


--
-- TOC entry 2974 (class 2606 OID 32833)
-- Name: courts courts_pkey; Type: CONSTRAINT; Schema: public; Owner: -
--

ALTER TABLE ONLY public.courts
    ADD CONSTRAINT courts_pkey PRIMARY KEY (id);


--
-- TOC entry 3084 (class 2606 OID 33311)
-- Name: departments departments_pkey; Type: CONSTRAINT; Schema: public; Owner: -
--

ALTER TABLE ONLY public.departments
    ADD CONSTRAINT departments_pkey PRIMARY KEY (id);


--
-- TOC entry 2984 (class 2606 OID 32870)
-- Name: designations designations_designation_name_unique; Type: CONSTRAINT; Schema: public; Owner: -
--

ALTER TABLE ONLY public.designations
    ADD CONSTRAINT designations_designation_name_unique UNIQUE (designation_name);


--
-- TOC entry 2986 (class 2606 OID 32868)
-- Name: designations designations_pkey; Type: CONSTRAINT; Schema: public; Owner: -
--

ALTER TABLE ONLY public.designations
    ADD CONSTRAINT designations_pkey PRIMARY KEY (id);


--
-- TOC entry 3032 (class 2606 OID 33074)
-- Name: diaries diaries_pkey; Type: CONSTRAINT; Schema: public; Owner: -
--

ALTER TABLE ONLY public.diaries
    ADD CONSTRAINT diaries_pkey PRIMARY KEY (id);


--
-- TOC entry 2964 (class 2606 OID 32805)
-- Name: districts districts_district_name_unique; Type: CONSTRAINT; Schema: public; Owner: -
--

ALTER TABLE ONLY public.districts
    ADD CONSTRAINT districts_district_name_unique UNIQUE (district_name);


--
-- TOC entry 2966 (class 2606 OID 32798)
-- Name: districts districts_pkey; Type: CONSTRAINT; Schema: public; Owner: -
--

ALTER TABLE ONLY public.districts
    ADD CONSTRAINT districts_pkey PRIMARY KEY (id);


--
-- TOC entry 3092 (class 2606 OID 33347)
-- Name: document_types document_types_pkey; Type: CONSTRAINT; Schema: public; Owner: -
--

ALTER TABLE ONLY public.document_types
    ADD CONSTRAINT document_types_pkey PRIMARY KEY (id);


--
-- TOC entry 3050 (class 2606 OID 33163)
-- Name: grade_details grade_details_grade_name_unique; Type: CONSTRAINT; Schema: public; Owner: -
--

ALTER TABLE ONLY public.grade_details
    ADD CONSTRAINT grade_details_grade_name_unique UNIQUE (grade_name);


--
-- TOC entry 3052 (class 2606 OID 33161)
-- Name: grade_details grade_details_pkey; Type: CONSTRAINT; Schema: public; Owner: -
--

ALTER TABLE ONLY public.grade_details
    ADD CONSTRAINT grade_details_pkey PRIMARY KEY (id);


--
-- TOC entry 3040 (class 2606 OID 33143)
-- Name: hc_case_types hc_case_types_full_form_unique; Type: CONSTRAINT; Schema: public; Owner: -
--

ALTER TABLE ONLY public.hc_case_types
    ADD CONSTRAINT hc_case_types_full_form_unique UNIQUE (full_form);


--
-- TOC entry 3042 (class 2606 OID 33139)
-- Name: hc_case_types hc_case_types_pkey; Type: CONSTRAINT; Schema: public; Owner: -
--

ALTER TABLE ONLY public.hc_case_types
    ADD CONSTRAINT hc_case_types_pkey PRIMARY KEY (id);


--
-- TOC entry 3044 (class 2606 OID 33141)
-- Name: hc_case_types hc_case_types_type_name_unique; Type: CONSTRAINT; Schema: public; Owner: -
--

ALTER TABLE ONLY public.hc_case_types
    ADD CONSTRAINT hc_case_types_type_name_unique UNIQUE (type_name);


--
-- TOC entry 3082 (class 2606 OID 33297)
-- Name: history_deleted_data history_deleted_data_pkey; Type: CONSTRAINT; Schema: public; Owner: -
--

ALTER TABLE ONLY public.history_deleted_data
    ADD CONSTRAINT history_deleted_data_pkey PRIMARY KEY (id);


--
-- TOC entry 3080 (class 2606 OID 33286)
-- Name: history_updated_data history_updated_data_pkey; Type: CONSTRAINT; Schema: public; Owner: -
--

ALTER TABLE ONLY public.history_updated_data
    ADD CONSTRAINT history_updated_data_pkey PRIMARY KEY (id);


--
-- TOC entry 3094 (class 2606 OID 33355)
-- Name: jo_documents jo_documents_pkey; Type: CONSTRAINT; Schema: public; Owner: -
--

ALTER TABLE ONLY public.jo_documents
    ADD CONSTRAINT jo_documents_pkey PRIMARY KEY (id);


--
-- TOC entry 3086 (class 2606 OID 33319)
-- Name: jo_legal_experiences jo_legal_experiences_pkey; Type: CONSTRAINT; Schema: public; Owner: -
--

ALTER TABLE ONLY public.jo_legal_experiences
    ADD CONSTRAINT jo_legal_experiences_pkey PRIMARY KEY (id);


--
-- TOC entry 3026 (class 2606 OID 33027)
-- Name: jo_reportings jo_reportings_judicial_officer_id_posting_id_unique; Type: CONSTRAINT; Schema: public; Owner: -
--

ALTER TABLE ONLY public.jo_reportings
    ADD CONSTRAINT jo_reportings_judicial_officer_id_posting_id_unique UNIQUE (judicial_officer_id, posting_id);


--
-- TOC entry 3028 (class 2606 OID 33025)
-- Name: jo_reportings jo_reportings_pkey; Type: CONSTRAINT; Schema: public; Owner: -
--

ALTER TABLE ONLY public.jo_reportings
    ADD CONSTRAINT jo_reportings_pkey PRIMARY KEY (id);


--
-- TOC entry 3062 (class 2606 OID 33213)
-- Name: jo_zone_tenures jo_zone_tenures_judicial_officer_id_zone_id_from_date_unique; Type: CONSTRAINT; Schema: public; Owner: -
--

ALTER TABLE ONLY public.jo_zone_tenures
    ADD CONSTRAINT jo_zone_tenures_judicial_officer_id_zone_id_from_date_unique UNIQUE (judicial_officer_id, zone_id, from_date);


--
-- TOC entry 3064 (class 2606 OID 33211)
-- Name: jo_zone_tenures jo_zone_tenures_pkey; Type: CONSTRAINT; Schema: public; Owner: -
--

ALTER TABLE ONLY public.jo_zone_tenures
    ADD CONSTRAINT jo_zone_tenures_pkey PRIMARY KEY (id);


--
-- TOC entry 3030 (class 2606 OID 33053)
-- Name: judicial_officer_posting_preferences judicial_officer_posting_preferences_pkey; Type: CONSTRAINT; Schema: public; Owner: -
--

ALTER TABLE ONLY public.judicial_officer_posting_preferences
    ADD CONSTRAINT judicial_officer_posting_preferences_pkey PRIMARY KEY (id);


--
-- TOC entry 3096 (class 2606 OID 34000)
-- Name: judicial_officer_postings judicial_officer_postings_judicial_officer_id_designation_id_co; Type: CONSTRAINT; Schema: public; Owner: -
--

ALTER TABLE ONLY public.judicial_officer_postings
    ADD CONSTRAINT judicial_officer_postings_judicial_officer_id_designation_id_co UNIQUE (judicial_officer_id, designation_id, court_id, from_date);


--
-- TOC entry 3098 (class 2606 OID 33998)
-- Name: judicial_officer_postings judicial_officer_postings_pkey; Type: CONSTRAINT; Schema: public; Owner: -
--

ALTER TABLE ONLY public.judicial_officer_postings
    ADD CONSTRAINT judicial_officer_postings_pkey PRIMARY KEY (id);


--
-- TOC entry 3018 (class 2606 OID 32961)
-- Name: judicial_officer_qualifications judicial_officer_qualifications_judicial_officer_id_qualificati; Type: CONSTRAINT; Schema: public; Owner: -
--

ALTER TABLE ONLY public.judicial_officer_qualifications
    ADD CONSTRAINT judicial_officer_qualifications_judicial_officer_id_qualificati UNIQUE (judicial_officer_id, qualification_id);


--
-- TOC entry 3020 (class 2606 OID 32959)
-- Name: judicial_officer_qualifications judicial_officer_qualifications_pkey; Type: CONSTRAINT; Schema: public; Owner: -
--

ALTER TABLE ONLY public.judicial_officer_qualifications
    ADD CONSTRAINT judicial_officer_qualifications_pkey PRIMARY KEY (id);


--
-- TOC entry 2996 (class 2606 OID 32939)
-- Name: judicial_officers judicial_officers_aadhaar_no_unique; Type: CONSTRAINT; Schema: public; Owner: -
--

ALTER TABLE ONLY public.judicial_officers
    ADD CONSTRAINT judicial_officers_aadhaar_no_unique UNIQUE (aadhaar_no);


--
-- TOC entry 2998 (class 2606 OID 32949)
-- Name: judicial_officers judicial_officers_email_id_1_unique; Type: CONSTRAINT; Schema: public; Owner: -
--

ALTER TABLE ONLY public.judicial_officers
    ADD CONSTRAINT judicial_officers_email_id_1_unique UNIQUE (email_id_1);


--
-- TOC entry 3000 (class 2606 OID 32951)
-- Name: judicial_officers judicial_officers_email_id_2_unique; Type: CONSTRAINT; Schema: public; Owner: -
--

ALTER TABLE ONLY public.judicial_officers
    ADD CONSTRAINT judicial_officers_email_id_2_unique UNIQUE (email_id_2);


--
-- TOC entry 3002 (class 2606 OID 32943)
-- Name: judicial_officers judicial_officers_gpf_no_unique; Type: CONSTRAINT; Schema: public; Owner: -
--

ALTER TABLE ONLY public.judicial_officers
    ADD CONSTRAINT judicial_officers_gpf_no_unique UNIQUE (gpf_no);


--
-- TOC entry 3004 (class 2606 OID 32935)
-- Name: judicial_officers judicial_officers_jo_code_unique; Type: CONSTRAINT; Schema: public; Owner: -
--

ALTER TABLE ONLY public.judicial_officers
    ADD CONSTRAINT judicial_officers_jo_code_unique UNIQUE (jo_code);


--
-- TOC entry 3006 (class 2606 OID 32945)
-- Name: judicial_officers judicial_officers_mobile_no_1_unique; Type: CONSTRAINT; Schema: public; Owner: -
--

ALTER TABLE ONLY public.judicial_officers
    ADD CONSTRAINT judicial_officers_mobile_no_1_unique UNIQUE (mobile_no_1);


--
-- TOC entry 3008 (class 2606 OID 32947)
-- Name: judicial_officers judicial_officers_mobile_no_2_unique; Type: CONSTRAINT; Schema: public; Owner: -
--

ALTER TABLE ONLY public.judicial_officers
    ADD CONSTRAINT judicial_officers_mobile_no_2_unique UNIQUE (mobile_no_2);


--
-- TOC entry 3010 (class 2606 OID 32941)
-- Name: judicial_officers judicial_officers_pan_no_unique; Type: CONSTRAINT; Schema: public; Owner: -
--

ALTER TABLE ONLY public.judicial_officers
    ADD CONSTRAINT judicial_officers_pan_no_unique UNIQUE (pan_no);


--
-- TOC entry 3012 (class 2606 OID 32901)
-- Name: judicial_officers judicial_officers_pkey; Type: CONSTRAINT; Schema: public; Owner: -
--

ALTER TABLE ONLY public.judicial_officers
    ADD CONSTRAINT judicial_officers_pkey PRIMARY KEY (id);


--
-- TOC entry 3014 (class 2606 OID 32933)
-- Name: judicial_officers judicial_officers_registration_no_unique; Type: CONSTRAINT; Schema: public; Owner: -
--

ALTER TABLE ONLY public.judicial_officers
    ADD CONSTRAINT judicial_officers_registration_no_unique UNIQUE (registration_no);


--
-- TOC entry 3016 (class 2606 OID 32937)
-- Name: judicial_officers judicial_officers_spouse_unique; Type: CONSTRAINT; Schema: public; Owner: -
--

ALTER TABLE ONLY public.judicial_officers
    ADD CONSTRAINT judicial_officers_spouse_unique UNIQUE (spouse);


--
-- TOC entry 3088 (class 2606 OID 33339)
-- Name: lcr_departments lcr_departments_lcr_department_name_unique; Type: CONSTRAINT; Schema: public; Owner: -
--

ALTER TABLE ONLY public.lcr_departments
    ADD CONSTRAINT lcr_departments_lcr_department_name_unique UNIQUE (lcr_department_name);


--
-- TOC entry 3090 (class 2606 OID 33337)
-- Name: lcr_departments lcr_departments_pkey; Type: CONSTRAINT; Schema: public; Owner: -
--

ALTER TABLE ONLY public.lcr_departments
    ADD CONSTRAINT lcr_departments_pkey PRIMARY KEY (id);


--
-- TOC entry 3034 (class 2606 OID 33092)
-- Name: lcr_hc_ends lcr_hc_ends_memo_no_memo_date_unique; Type: CONSTRAINT; Schema: public; Owner: -
--

ALTER TABLE ONLY public.lcr_hc_ends
    ADD CONSTRAINT lcr_hc_ends_memo_no_memo_date_unique UNIQUE (memo_no, memo_date);


--
-- TOC entry 3036 (class 2606 OID 33090)
-- Name: lcr_hc_ends lcr_hc_ends_pkey; Type: CONSTRAINT; Schema: public; Owner: -
--

ALTER TABLE ONLY public.lcr_hc_ends
    ADD CONSTRAINT lcr_hc_ends_pkey PRIMARY KEY (id);


--
-- TOC entry 3038 (class 2606 OID 33123)
-- Name: lcr_lc_details lcr_lc_details_pkey; Type: CONSTRAINT; Schema: public; Owner: -
--

ALTER TABLE ONLY public.lcr_lc_details
    ADD CONSTRAINT lcr_lc_details_pkey PRIMARY KEY (id);


--
-- TOC entry 3078 (class 2606 OID 33270)
-- Name: lcr_status_checks lcr_status_checks_pkey; Type: CONSTRAINT; Schema: public; Owner: -
--

ALTER TABLE ONLY public.lcr_status_checks
    ADD CONSTRAINT lcr_status_checks_pkey PRIMARY KEY (id);


--
-- TOC entry 3046 (class 2606 OID 33151)
-- Name: lower_case_types lower_case_types_pkey; Type: CONSTRAINT; Schema: public; Owner: -
--

ALTER TABLE ONLY public.lower_case_types
    ADD CONSTRAINT lower_case_types_pkey PRIMARY KEY (id);


--
-- TOC entry 3048 (class 2606 OID 33153)
-- Name: lower_case_types lower_case_types_type_name_unique; Type: CONSTRAINT; Schema: public; Owner: -
--

ALTER TABLE ONLY public.lower_case_types
    ADD CONSTRAINT lower_case_types_type_name_unique UNIQUE (type_name);


--
-- TOC entry 2951 (class 2606 OID 32755)
-- Name: migrations migrations_pkey; Type: CONSTRAINT; Schema: public; Owner: -
--

ALTER TABLE ONLY public.migrations
    ADD CONSTRAINT migrations_pkey PRIMARY KEY (id);


--
-- TOC entry 3022 (class 2606 OID 32979)
-- Name: modes modes_pkey; Type: CONSTRAINT; Schema: public; Owner: -
--

ALTER TABLE ONLY public.modes
    ADD CONSTRAINT modes_pkey PRIMARY KEY (id);


--
-- TOC entry 3024 (class 2606 OID 32981)
-- Name: modes modes_posting_mode_unique; Type: CONSTRAINT; Schema: public; Owner: -
--

ALTER TABLE ONLY public.modes
    ADD CONSTRAINT modes_posting_mode_unique UNIQUE (posting_mode);


--
-- TOC entry 2976 (class 2606 OID 32848)
-- Name: qualifications qualifications_pkey; Type: CONSTRAINT; Schema: public; Owner: -
--

ALTER TABLE ONLY public.qualifications
    ADD CONSTRAINT qualifications_pkey PRIMARY KEY (id);


--
-- TOC entry 2978 (class 2606 OID 32850)
-- Name: qualifications qualifications_qualification_name_unique; Type: CONSTRAINT; Schema: public; Owner: -
--

ALTER TABLE ONLY public.qualifications
    ADD CONSTRAINT qualifications_qualification_name_unique UNIQUE (qualification_name);


--
-- TOC entry 2992 (class 2606 OID 32888)
-- Name: recruitment_batches recruitment_batches_pkey; Type: CONSTRAINT; Schema: public; Owner: -
--

ALTER TABLE ONLY public.recruitment_batches
    ADD CONSTRAINT recruitment_batches_pkey PRIMARY KEY (id);


--
-- TOC entry 2994 (class 2606 OID 32890)
-- Name: recruitment_batches recruitment_batches_recruitment_batch_desc_unique; Type: CONSTRAINT; Schema: public; Owner: -
--

ALTER TABLE ONLY public.recruitment_batches
    ADD CONSTRAINT recruitment_batches_recruitment_batch_desc_unique UNIQUE (recruitment_batch_desc);


--
-- TOC entry 2988 (class 2606 OID 32878)
-- Name: religions religions_pkey; Type: CONSTRAINT; Schema: public; Owner: -
--

ALTER TABLE ONLY public.religions
    ADD CONSTRAINT religions_pkey PRIMARY KEY (id);


--
-- TOC entry 2990 (class 2606 OID 32880)
-- Name: religions religions_religion_name_unique; Type: CONSTRAINT; Schema: public; Owner: -
--

ALTER TABLE ONLY public.religions
    ADD CONSTRAINT religions_religion_name_unique UNIQUE (religion_name);


--
-- TOC entry 2956 (class 2606 OID 32778)
-- Name: states states_pkey; Type: CONSTRAINT; Schema: public; Owner: -
--

ALTER TABLE ONLY public.states
    ADD CONSTRAINT states_pkey PRIMARY KEY (id);


--
-- TOC entry 2958 (class 2606 OID 32780)
-- Name: states states_state_name_unique; Type: CONSTRAINT; Schema: public; Owner: -
--

ALTER TABLE ONLY public.states
    ADD CONSTRAINT states_state_name_unique UNIQUE (state_name);


--
-- TOC entry 2968 (class 2606 OID 32813)
-- Name: subdivisions subdivisions_pkey; Type: CONSTRAINT; Schema: public; Owner: -
--

ALTER TABLE ONLY public.subdivisions
    ADD CONSTRAINT subdivisions_pkey PRIMARY KEY (id);


--
-- TOC entry 2970 (class 2606 OID 32815)
-- Name: subdivisions subdivisions_subdivision_name_district_id_unique; Type: CONSTRAINT; Schema: public; Owner: -
--

ALTER TABLE ONLY public.subdivisions
    ADD CONSTRAINT subdivisions_subdivision_name_district_id_unique UNIQUE (subdivision_name, district_id);


--
-- TOC entry 2953 (class 2606 OID 32763)
-- Name: user_types user_types_pkey; Type: CONSTRAINT; Schema: public; Owner: -
--

ALTER TABLE ONLY public.user_types
    ADD CONSTRAINT user_types_pkey PRIMARY KEY (id);


--
-- TOC entry 3066 (class 2606 OID 33251)
-- Name: users users_court_id_unique; Type: CONSTRAINT; Schema: public; Owner: -
--

ALTER TABLE ONLY public.users
    ADD CONSTRAINT users_court_id_unique UNIQUE (court_id);


--
-- TOC entry 3068 (class 2606 OID 33257)
-- Name: users users_department_id_unique; Type: CONSTRAINT; Schema: public; Owner: -
--

ALTER TABLE ONLY public.users
    ADD CONSTRAINT users_department_id_unique UNIQUE (department_id);


--
-- TOC entry 3070 (class 2606 OID 33259)
-- Name: users users_email_unique; Type: CONSTRAINT; Schema: public; Owner: -
--

ALTER TABLE ONLY public.users
    ADD CONSTRAINT users_email_unique UNIQUE (email);


--
-- TOC entry 3072 (class 2606 OID 33255)
-- Name: users users_jo_code_unique; Type: CONSTRAINT; Schema: public; Owner: -
--

ALTER TABLE ONLY public.users
    ADD CONSTRAINT users_jo_code_unique UNIQUE (jo_code);


--
-- TOC entry 3074 (class 2606 OID 33253)
-- Name: users users_judicial_officer_id_unique; Type: CONSTRAINT; Schema: public; Owner: -
--

ALTER TABLE ONLY public.users
    ADD CONSTRAINT users_judicial_officer_id_unique UNIQUE (judicial_officer_id);


--
-- TOC entry 3076 (class 2606 OID 33234)
-- Name: users users_pkey; Type: CONSTRAINT; Schema: public; Owner: -
--

ALTER TABLE ONLY public.users
    ADD CONSTRAINT users_pkey PRIMARY KEY (id);


--
-- TOC entry 3058 (class 2606 OID 33191)
-- Name: zone_subdivisions zone_subdivisions_pkey; Type: CONSTRAINT; Schema: public; Owner: -
--

ALTER TABLE ONLY public.zone_subdivisions
    ADD CONSTRAINT zone_subdivisions_pkey PRIMARY KEY (id);


--
-- TOC entry 3060 (class 2606 OID 33193)
-- Name: zone_subdivisions zone_subdivisions_zone_id_subdivision_id_unique; Type: CONSTRAINT; Schema: public; Owner: -
--

ALTER TABLE ONLY public.zone_subdivisions
    ADD CONSTRAINT zone_subdivisions_zone_id_subdivision_id_unique UNIQUE (zone_id, subdivision_id);


--
-- TOC entry 2960 (class 2606 OID 32788)
-- Name: zones zones_pkey; Type: CONSTRAINT; Schema: public; Owner: -
--

ALTER TABLE ONLY public.zones
    ADD CONSTRAINT zones_pkey PRIMARY KEY (id);


--
-- TOC entry 2962 (class 2606 OID 32790)
-- Name: zones zones_zone_name_unique; Type: CONSTRAINT; Schema: public; Owner: -
--

ALTER TABLE ONLY public.zones
    ADD CONSTRAINT zones_zone_name_unique UNIQUE (zone_name);


--
-- TOC entry 2954 (class 1259 OID 32770)
-- Name: password_resets_email_index; Type: INDEX; Schema: public; Owner: -
--

CREATE INDEX password_resets_email_index ON public.password_resets USING btree (email);


--
-- TOC entry 3139 (class 2620 OID 33298)
-- Name: judicial_officers movedeleted; Type: TRIGGER; Schema: public; Owner: -
--

CREATE TRIGGER movedeleted BEFORE DELETE ON public.judicial_officers FOR EACH ROW EXECUTE PROCEDURE public.movedeleted();


--
-- TOC entry 3141 (class 2620 OID 33300)
-- Name: judicial_officer_qualifications movedeleted; Type: TRIGGER; Schema: public; Owner: -
--

CREATE TRIGGER movedeleted BEFORE DELETE ON public.judicial_officer_qualifications FOR EACH ROW EXECUTE PROCEDURE public.movedeleted();


--
-- TOC entry 3140 (class 2620 OID 33299)
-- Name: judicial_officers moveupdated; Type: TRIGGER; Schema: public; Owner: -
--

CREATE TRIGGER moveupdated BEFORE UPDATE ON public.judicial_officers FOR EACH ROW EXECUTE PROCEDURE public.moveupdated();


--
-- TOC entry 3142 (class 2620 OID 33301)
-- Name: judicial_officer_qualifications moveupdated; Type: TRIGGER; Schema: public; Owner: -
--

CREATE TRIGGER moveupdated BEFORE UPDATE ON public.judicial_officer_qualifications FOR EACH ROW EXECUTE PROCEDURE public.moveupdated();


--
-- TOC entry 3122 (class 2606 OID 33179)
-- Name: acr_histories acr_histories_grade_id_foreign; Type: FK CONSTRAINT; Schema: public; Owner: -
--

ALTER TABLE ONLY public.acr_histories
    ADD CONSTRAINT acr_histories_grade_id_foreign FOREIGN KEY (grade_id) REFERENCES public.grade_details(id);


--
-- TOC entry 3121 (class 2606 OID 33174)
-- Name: acr_histories acr_histories_judicial_officer_id_foreign; Type: FK CONSTRAINT; Schema: public; Owner: -
--

ALTER TABLE ONLY public.acr_histories
    ADD CONSTRAINT acr_histories_judicial_officer_id_foreign FOREIGN KEY (judicial_officer_id) REFERENCES public.judicial_officers(id);


--
-- TOC entry 3102 (class 2606 OID 32834)
-- Name: courts courts_subdivision_id_foreign; Type: FK CONSTRAINT; Schema: public; Owner: -
--

ALTER TABLE ONLY public.courts
    ADD CONSTRAINT courts_subdivision_id_foreign FOREIGN KEY (subdivision_id) REFERENCES public.subdivisions(id);


--
-- TOC entry 3115 (class 2606 OID 33075)
-- Name: diaries diaries_judicial_officer_id_foreign; Type: FK CONSTRAINT; Schema: public; Owner: -
--

ALTER TABLE ONLY public.diaries
    ADD CONSTRAINT diaries_judicial_officer_id_foreign FOREIGN KEY (judicial_officer_id) REFERENCES public.judicial_officers(id);


--
-- TOC entry 3099 (class 2606 OID 32799)
-- Name: districts districts_state_id_foreign; Type: FK CONSTRAINT; Schema: public; Owner: -
--

ALTER TABLE ONLY public.districts
    ADD CONSTRAINT districts_state_id_foreign FOREIGN KEY (state_id) REFERENCES public.states(id);


--
-- TOC entry 3134 (class 2606 OID 33361)
-- Name: jo_documents jo_documents_document_type_id_foreign; Type: FK CONSTRAINT; Schema: public; Owner: -
--

ALTER TABLE ONLY public.jo_documents
    ADD CONSTRAINT jo_documents_document_type_id_foreign FOREIGN KEY (document_type_id) REFERENCES public.document_types(id);


--
-- TOC entry 3133 (class 2606 OID 33356)
-- Name: jo_documents jo_documents_judicial_officer_id_foreign; Type: FK CONSTRAINT; Schema: public; Owner: -
--

ALTER TABLE ONLY public.jo_documents
    ADD CONSTRAINT jo_documents_judicial_officer_id_foreign FOREIGN KEY (judicial_officer_id) REFERENCES public.judicial_officers(id);


--
-- TOC entry 3131 (class 2606 OID 33320)
-- Name: jo_legal_experiences jo_legal_experiences_judicial_officer_id_foreign; Type: FK CONSTRAINT; Schema: public; Owner: -
--

ALTER TABLE ONLY public.jo_legal_experiences
    ADD CONSTRAINT jo_legal_experiences_judicial_officer_id_foreign FOREIGN KEY (judicial_officer_id) REFERENCES public.judicial_officers(id);


--
-- TOC entry 3132 (class 2606 OID 33325)
-- Name: jo_legal_experiences jo_legal_experiences_subdivision_id_foreign; Type: FK CONSTRAINT; Schema: public; Owner: -
--

ALTER TABLE ONLY public.jo_legal_experiences
    ADD CONSTRAINT jo_legal_experiences_subdivision_id_foreign FOREIGN KEY (subdivision_id) REFERENCES public.subdivisions(id);


--
-- TOC entry 3111 (class 2606 OID 33028)
-- Name: jo_reportings jo_reportings_judicial_officer_id_foreign; Type: FK CONSTRAINT; Schema: public; Owner: -
--

ALTER TABLE ONLY public.jo_reportings
    ADD CONSTRAINT jo_reportings_judicial_officer_id_foreign FOREIGN KEY (judicial_officer_id) REFERENCES public.judicial_officers(id);


--
-- TOC entry 3112 (class 2606 OID 33033)
-- Name: jo_reportings jo_reportings_reporting_officer_id_foreign; Type: FK CONSTRAINT; Schema: public; Owner: -
--

ALTER TABLE ONLY public.jo_reportings
    ADD CONSTRAINT jo_reportings_reporting_officer_id_foreign FOREIGN KEY (reporting_officer_id) REFERENCES public.judicial_officers(id);


--
-- TOC entry 3125 (class 2606 OID 33214)
-- Name: jo_zone_tenures jo_zone_tenures_judicial_officer_id_foreign; Type: FK CONSTRAINT; Schema: public; Owner: -
--

ALTER TABLE ONLY public.jo_zone_tenures
    ADD CONSTRAINT jo_zone_tenures_judicial_officer_id_foreign FOREIGN KEY (judicial_officer_id) REFERENCES public.judicial_officers(id);


--
-- TOC entry 3126 (class 2606 OID 33219)
-- Name: jo_zone_tenures jo_zone_tenures_zone_id_foreign; Type: FK CONSTRAINT; Schema: public; Owner: -
--

ALTER TABLE ONLY public.jo_zone_tenures
    ADD CONSTRAINT jo_zone_tenures_zone_id_foreign FOREIGN KEY (zone_id) REFERENCES public.zones(id);


--
-- TOC entry 3113 (class 2606 OID 33054)
-- Name: judicial_officer_posting_preferences judicial_officer_posting_preferences_judicial_officer_id_foreig; Type: FK CONSTRAINT; Schema: public; Owner: -
--

ALTER TABLE ONLY public.judicial_officer_posting_preferences
    ADD CONSTRAINT judicial_officer_posting_preferences_judicial_officer_id_foreig FOREIGN KEY (judicial_officer_id) REFERENCES public.judicial_officers(id);


--
-- TOC entry 3114 (class 2606 OID 33059)
-- Name: judicial_officer_posting_preferences judicial_officer_posting_preferences_zone_id_foreign; Type: FK CONSTRAINT; Schema: public; Owner: -
--

ALTER TABLE ONLY public.judicial_officer_posting_preferences
    ADD CONSTRAINT judicial_officer_posting_preferences_zone_id_foreign FOREIGN KEY (zone_id) REFERENCES public.zones(id);


--
-- TOC entry 3135 (class 2606 OID 34011)
-- Name: judicial_officer_postings judicial_officer_postings_court_id_foreign; Type: FK CONSTRAINT; Schema: public; Owner: -
--

ALTER TABLE ONLY public.judicial_officer_postings
    ADD CONSTRAINT judicial_officer_postings_court_id_foreign FOREIGN KEY (court_id) REFERENCES public.courts(id);


--
-- TOC entry 3136 (class 2606 OID 34006)
-- Name: judicial_officer_postings judicial_officer_postings_designation_id_foreign; Type: FK CONSTRAINT; Schema: public; Owner: -
--

ALTER TABLE ONLY public.judicial_officer_postings
    ADD CONSTRAINT judicial_officer_postings_designation_id_foreign FOREIGN KEY (designation_id) REFERENCES public.designations(id);


--
-- TOC entry 3137 (class 2606 OID 34001)
-- Name: judicial_officer_postings judicial_officer_postings_judicial_officer_id_foreign; Type: FK CONSTRAINT; Schema: public; Owner: -
--

ALTER TABLE ONLY public.judicial_officer_postings
    ADD CONSTRAINT judicial_officer_postings_judicial_officer_id_foreign FOREIGN KEY (judicial_officer_id) REFERENCES public.judicial_officers(id);


--
-- TOC entry 3138 (class 2606 OID 34016)
-- Name: judicial_officer_postings judicial_officer_postings_mode_id_foreign; Type: FK CONSTRAINT; Schema: public; Owner: -
--

ALTER TABLE ONLY public.judicial_officer_postings
    ADD CONSTRAINT judicial_officer_postings_mode_id_foreign FOREIGN KEY (mode_id) REFERENCES public.modes(id);


--
-- TOC entry 3109 (class 2606 OID 32962)
-- Name: judicial_officer_qualifications judicial_officer_qualifications_judicial_officer_id_foreign; Type: FK CONSTRAINT; Schema: public; Owner: -
--

ALTER TABLE ONLY public.judicial_officer_qualifications
    ADD CONSTRAINT judicial_officer_qualifications_judicial_officer_id_foreign FOREIGN KEY (judicial_officer_id) REFERENCES public.judicial_officers(id);


--
-- TOC entry 3110 (class 2606 OID 32967)
-- Name: judicial_officer_qualifications judicial_officer_qualifications_qualification_id_foreign; Type: FK CONSTRAINT; Schema: public; Owner: -
--

ALTER TABLE ONLY public.judicial_officer_qualifications
    ADD CONSTRAINT judicial_officer_qualifications_qualification_id_foreign FOREIGN KEY (qualification_id) REFERENCES public.qualifications(id);


--
-- TOC entry 3105 (class 2606 OID 32912)
-- Name: judicial_officers judicial_officers_category_id_foreign; Type: FK CONSTRAINT; Schema: public; Owner: -
--

ALTER TABLE ONLY public.judicial_officers
    ADD CONSTRAINT judicial_officers_category_id_foreign FOREIGN KEY (category_id) REFERENCES public.categories(id);


--
-- TOC entry 3103 (class 2606 OID 32902)
-- Name: judicial_officers judicial_officers_home_district_id_foreign; Type: FK CONSTRAINT; Schema: public; Owner: -
--

ALTER TABLE ONLY public.judicial_officers
    ADD CONSTRAINT judicial_officers_home_district_id_foreign FOREIGN KEY (home_district_id) REFERENCES public.districts(id);


--
-- TOC entry 3104 (class 2606 OID 32907)
-- Name: judicial_officers judicial_officers_home_state_id_foreign; Type: FK CONSTRAINT; Schema: public; Owner: -
--

ALTER TABLE ONLY public.judicial_officers
    ADD CONSTRAINT judicial_officers_home_state_id_foreign FOREIGN KEY (home_state_id) REFERENCES public.states(id);


--
-- TOC entry 3107 (class 2606 OID 32922)
-- Name: judicial_officers judicial_officers_recruitment_batch_id_foreign; Type: FK CONSTRAINT; Schema: public; Owner: -
--

ALTER TABLE ONLY public.judicial_officers
    ADD CONSTRAINT judicial_officers_recruitment_batch_id_foreign FOREIGN KEY (recruitment_batch_id) REFERENCES public.recruitment_batches(id);


--
-- TOC entry 3106 (class 2606 OID 32917)
-- Name: judicial_officers judicial_officers_religion_id_foreign; Type: FK CONSTRAINT; Schema: public; Owner: -
--

ALTER TABLE ONLY public.judicial_officers
    ADD CONSTRAINT judicial_officers_religion_id_foreign FOREIGN KEY (religion_id) REFERENCES public.religions(id);


--
-- TOC entry 3108 (class 2606 OID 32927)
-- Name: judicial_officers judicial_officers_spouse_foreign; Type: FK CONSTRAINT; Schema: public; Owner: -
--

ALTER TABLE ONLY public.judicial_officers
    ADD CONSTRAINT judicial_officers_spouse_foreign FOREIGN KEY (spouse) REFERENCES public.judicial_officers(id);


--
-- TOC entry 3116 (class 2606 OID 33093)
-- Name: lcr_hc_ends lcr_hc_ends_court_foreign; Type: FK CONSTRAINT; Schema: public; Owner: -
--

ALTER TABLE ONLY public.lcr_hc_ends
    ADD CONSTRAINT lcr_hc_ends_court_foreign FOREIGN KEY (court) REFERENCES public.courts(id);


--
-- TOC entry 3119 (class 2606 OID 33108)
-- Name: lcr_hc_ends lcr_hc_ends_district_foreign; Type: FK CONSTRAINT; Schema: public; Owner: -
--

ALTER TABLE ONLY public.lcr_hc_ends
    ADD CONSTRAINT lcr_hc_ends_district_foreign FOREIGN KEY (district) REFERENCES public.districts(id);


--
-- TOC entry 3117 (class 2606 OID 33098)
-- Name: lcr_hc_ends lcr_hc_ends_forwarding_court_foreign; Type: FK CONSTRAINT; Schema: public; Owner: -
--

ALTER TABLE ONLY public.lcr_hc_ends
    ADD CONSTRAINT lcr_hc_ends_forwarding_court_foreign FOREIGN KEY (forwarding_court) REFERENCES public.courts(id);


--
-- TOC entry 3118 (class 2606 OID 33103)
-- Name: lcr_hc_ends lcr_hc_ends_subdivision_foreign; Type: FK CONSTRAINT; Schema: public; Owner: -
--

ALTER TABLE ONLY public.lcr_hc_ends
    ADD CONSTRAINT lcr_hc_ends_subdivision_foreign FOREIGN KEY (subdivision) REFERENCES public.subdivisions(id);


--
-- TOC entry 3120 (class 2606 OID 33124)
-- Name: lcr_lc_details lcr_lc_details_hc_id_foreign; Type: FK CONSTRAINT; Schema: public; Owner: -
--

ALTER TABLE ONLY public.lcr_lc_details
    ADD CONSTRAINT lcr_lc_details_hc_id_foreign FOREIGN KEY (hc_id) REFERENCES public.lcr_hc_ends(id);


--
-- TOC entry 3130 (class 2606 OID 33271)
-- Name: lcr_status_checks lcr_status_checks_hc_id_foreign; Type: FK CONSTRAINT; Schema: public; Owner: -
--

ALTER TABLE ONLY public.lcr_status_checks
    ADD CONSTRAINT lcr_status_checks_hc_id_foreign FOREIGN KEY (hc_id) REFERENCES public.lcr_hc_ends(id);


--
-- TOC entry 3100 (class 2606 OID 32816)
-- Name: subdivisions subdivisions_district_id_foreign; Type: FK CONSTRAINT; Schema: public; Owner: -
--

ALTER TABLE ONLY public.subdivisions
    ADD CONSTRAINT subdivisions_district_id_foreign FOREIGN KEY (district_id) REFERENCES public.districts(id);


--
-- TOC entry 3101 (class 2606 OID 32821)
-- Name: subdivisions subdivisions_zone_id_foreign; Type: FK CONSTRAINT; Schema: public; Owner: -
--

ALTER TABLE ONLY public.subdivisions
    ADD CONSTRAINT subdivisions_zone_id_foreign FOREIGN KEY (zone_id) REFERENCES public.zones(id);


--
-- TOC entry 3127 (class 2606 OID 33235)
-- Name: users users_court_id_foreign; Type: FK CONSTRAINT; Schema: public; Owner: -
--

ALTER TABLE ONLY public.users
    ADD CONSTRAINT users_court_id_foreign FOREIGN KEY (court_id) REFERENCES public.courts(id);


--
-- TOC entry 3128 (class 2606 OID 33240)
-- Name: users users_judicial_officer_id_foreign; Type: FK CONSTRAINT; Schema: public; Owner: -
--

ALTER TABLE ONLY public.users
    ADD CONSTRAINT users_judicial_officer_id_foreign FOREIGN KEY (judicial_officer_id) REFERENCES public.judicial_officers(id);


--
-- TOC entry 3129 (class 2606 OID 33245)
-- Name: users users_user_type_id_foreign; Type: FK CONSTRAINT; Schema: public; Owner: -
--

ALTER TABLE ONLY public.users
    ADD CONSTRAINT users_user_type_id_foreign FOREIGN KEY (user_type_id) REFERENCES public.user_types(id);


--
-- TOC entry 3124 (class 2606 OID 33199)
-- Name: zone_subdivisions zone_subdivisions_subdivision_id_foreign; Type: FK CONSTRAINT; Schema: public; Owner: -
--

ALTER TABLE ONLY public.zone_subdivisions
    ADD CONSTRAINT zone_subdivisions_subdivision_id_foreign FOREIGN KEY (subdivision_id) REFERENCES public.subdivisions(id);


--
-- TOC entry 3123 (class 2606 OID 33194)
-- Name: zone_subdivisions zone_subdivisions_zone_id_foreign; Type: FK CONSTRAINT; Schema: public; Owner: -
--

ALTER TABLE ONLY public.zone_subdivisions
    ADD CONSTRAINT zone_subdivisions_zone_id_foreign FOREIGN KEY (zone_id) REFERENCES public.zones(id);


-- Completed on 2019-12-09 22:16:15

--
-- PostgreSQL database dump complete
--

