--
-- PostgreSQL database dump
--

-- Dumped from database version 9.2.4
-- Dumped by pg_dump version 11.1

-- Started on 2019-11-28 18:03:56

SET statement_timeout = 0;
SET lock_timeout = 0;
SET idle_in_transaction_session_timeout = 0;
SET client_encoding = 'UTF8';
SET standard_conforming_strings = on;
SELECT pg_catalog.set_config('search_path', '', false);
SET check_function_bodies = false;
SET client_min_messages = warning;
SET row_security = off;

--
-- TOC entry 252 (class 1255 OID 448383)
-- Name: movedeleted(); Type: FUNCTION; Schema: public; Owner: -
--

CREATE FUNCTION public.movedeleted() RETURNS trigger
    LANGUAGE plpgsql
    AS $$
                BEGIN
                    insert into history_deleted_data(table_name,deleted_data,deleted_time)
                    values(TG_TABLE_NAME,row_to_json(OLD),now());
                    return OLD;
                END;
            $$;


--
-- TOC entry 253 (class 1255 OID 448384)
-- Name: moveupdated(); Type: FUNCTION; Schema: public; Owner: -
--

CREATE FUNCTION public.moveupdated() RETURNS trigger
    LANGUAGE plpgsql
    AS $$
                BEGIN
                    insert into history_updated_data(table_name,updated_data,updated_time)
                    values(TG_TABLE_NAME,row_to_json(OLD),now());
                    return OLD;
                END;
            $$;


SET default_with_oids = false;

--
-- TOC entry 217 (class 1259 OID 431536)
-- Name: acr_histories; Type: TABLE; Schema: public; Owner: -
--

CREATE TABLE public.acr_histories (
    id bigint NOT NULL,
    jo_code character varying(255) NOT NULL,
    judicial_officer_id bigint NOT NULL,
    grade_id integer NOT NULL,
    year integer NOT NULL,
    created_by bigint NOT NULL,
    created_at timestamp(0) without time zone,
    updated_at timestamp(0) without time zone
);


--
-- TOC entry 216 (class 1259 OID 431534)
-- Name: acr_histories_id_seq; Type: SEQUENCE; Schema: public; Owner: -
--

CREATE SEQUENCE public.acr_histories_id_seq
    START WITH 1
    INCREMENT BY 1
    NO MINVALUE
    NO MAXVALUE
    CACHE 1;


--
-- TOC entry 2506 (class 0 OID 0)
-- Dependencies: 216
-- Name: acr_histories_id_seq; Type: SEQUENCE OWNED BY; Schema: public; Owner: -
--

ALTER SEQUENCE public.acr_histories_id_seq OWNED BY public.acr_histories.id;


--
-- TOC entry 187 (class 1259 OID 431230)
-- Name: categories; Type: TABLE; Schema: public; Owner: -
--

CREATE TABLE public.categories (
    id integer NOT NULL,
    category_name character varying(255) NOT NULL,
    created_by bigint NOT NULL,
    created_at timestamp(0) without time zone,
    updated_at timestamp(0) without time zone
);


--
-- TOC entry 186 (class 1259 OID 431228)
-- Name: categories_id_seq; Type: SEQUENCE; Schema: public; Owner: -
--

CREATE SEQUENCE public.categories_id_seq
    START WITH 1
    INCREMENT BY 1
    NO MINVALUE
    NO MAXVALUE
    CACHE 1;


--
-- TOC entry 2507 (class 0 OID 0)
-- Dependencies: 186
-- Name: categories_id_seq; Type: SEQUENCE OWNED BY; Schema: public; Owner: -
--

ALTER SEQUENCE public.categories_id_seq OWNED BY public.categories.id;


--
-- TOC entry 183 (class 1259 OID 431205)
-- Name: courts; Type: TABLE; Schema: public; Owner: -
--

CREATE TABLE public.courts (
    id integer NOT NULL,
    court_name character varying(255) NOT NULL,
    subdivision_id integer NOT NULL,
    latitude double precision,
    longitude double precision,
    created_by bigint NOT NULL,
    created_at timestamp(0) without time zone,
    updated_at timestamp(0) without time zone
);


--
-- TOC entry 182 (class 1259 OID 431203)
-- Name: courts_id_seq; Type: SEQUENCE; Schema: public; Owner: -
--

CREATE SEQUENCE public.courts_id_seq
    START WITH 1
    INCREMENT BY 1
    NO MINVALUE
    NO MAXVALUE
    CACHE 1;


--
-- TOC entry 2508 (class 0 OID 0)
-- Dependencies: 182
-- Name: courts_id_seq; Type: SEQUENCE OWNED BY; Schema: public; Owner: -
--

ALTER SEQUENCE public.courts_id_seq OWNED BY public.courts.id;


--
-- TOC entry 237 (class 1259 OID 448469)
-- Name: departments; Type: TABLE; Schema: public; Owner: -
--

CREATE TABLE public.departments (
    id bigint NOT NULL,
    dept_name character varying(255) NOT NULL,
    created_at timestamp(0) without time zone,
    updated_at timestamp(0) without time zone
);


--
-- TOC entry 236 (class 1259 OID 448467)
-- Name: departments_id_seq; Type: SEQUENCE; Schema: public; Owner: -
--

CREATE SEQUENCE public.departments_id_seq
    START WITH 1
    INCREMENT BY 1
    NO MINVALUE
    NO MAXVALUE
    CACHE 1;


--
-- TOC entry 2509 (class 0 OID 0)
-- Dependencies: 236
-- Name: departments_id_seq; Type: SEQUENCE OWNED BY; Schema: public; Owner: -
--

ALTER SEQUENCE public.departments_id_seq OWNED BY public.departments.id;


--
-- TOC entry 189 (class 1259 OID 431240)
-- Name: designations; Type: TABLE; Schema: public; Owner: -
--

CREATE TABLE public.designations (
    id integer NOT NULL,
    designation_name character varying(255) NOT NULL,
    created_by bigint NOT NULL,
    created_at timestamp(0) without time zone,
    updated_at timestamp(0) without time zone
);


--
-- TOC entry 188 (class 1259 OID 431238)
-- Name: designations_id_seq; Type: SEQUENCE; Schema: public; Owner: -
--

CREATE SEQUENCE public.designations_id_seq
    START WITH 1
    INCREMENT BY 1
    NO MINVALUE
    NO MAXVALUE
    CACHE 1;


--
-- TOC entry 2510 (class 0 OID 0)
-- Dependencies: 188
-- Name: designations_id_seq; Type: SEQUENCE OWNED BY; Schema: public; Owner: -
--

ALTER SEQUENCE public.designations_id_seq OWNED BY public.designations.id;


--
-- TOC entry 207 (class 1259 OID 431441)
-- Name: diaries; Type: TABLE; Schema: public; Owner: -
--

CREATE TABLE public.diaries (
    id bigint NOT NULL,
    judicial_officer_id bigint NOT NULL,
    date_of_schedule date NOT NULL,
    description text NOT NULL,
    created_at timestamp(0) without time zone,
    updated_at timestamp(0) without time zone
);


--
-- TOC entry 206 (class 1259 OID 431439)
-- Name: diaries_id_seq; Type: SEQUENCE; Schema: public; Owner: -
--

CREATE SEQUENCE public.diaries_id_seq
    START WITH 1
    INCREMENT BY 1
    NO MINVALUE
    NO MAXVALUE
    CACHE 1;


--
-- TOC entry 2511 (class 0 OID 0)
-- Dependencies: 206
-- Name: diaries_id_seq; Type: SEQUENCE OWNED BY; Schema: public; Owner: -
--

ALTER SEQUENCE public.diaries_id_seq OWNED BY public.diaries.id;


--
-- TOC entry 179 (class 1259 OID 431170)
-- Name: districts; Type: TABLE; Schema: public; Owner: -
--

CREATE TABLE public.districts (
    id integer NOT NULL,
    district_name character varying(255) NOT NULL,
    state_id integer NOT NULL,
    created_by bigint NOT NULL,
    created_at timestamp(0) without time zone,
    updated_at timestamp(0) without time zone
);


--
-- TOC entry 178 (class 1259 OID 431168)
-- Name: districts_id_seq; Type: SEQUENCE; Schema: public; Owner: -
--

CREATE SEQUENCE public.districts_id_seq
    START WITH 1
    INCREMENT BY 1
    NO MINVALUE
    NO MAXVALUE
    CACHE 1;


--
-- TOC entry 2512 (class 0 OID 0)
-- Dependencies: 178
-- Name: districts_id_seq; Type: SEQUENCE OWNED BY; Schema: public; Owner: -
--

ALTER SEQUENCE public.districts_id_seq OWNED BY public.districts.id;


--
-- TOC entry 215 (class 1259 OID 431526)
-- Name: grade_details; Type: TABLE; Schema: public; Owner: -
--

CREATE TABLE public.grade_details (
    id integer NOT NULL,
    grade_name character varying(255) NOT NULL,
    created_by bigint NOT NULL,
    created_at timestamp(0) without time zone,
    updated_at timestamp(0) without time zone
);


--
-- TOC entry 214 (class 1259 OID 431524)
-- Name: grade_details_id_seq; Type: SEQUENCE; Schema: public; Owner: -
--

CREATE SEQUENCE public.grade_details_id_seq
    START WITH 1
    INCREMENT BY 1
    NO MINVALUE
    NO MAXVALUE
    CACHE 1;


--
-- TOC entry 2513 (class 0 OID 0)
-- Dependencies: 214
-- Name: grade_details_id_seq; Type: SEQUENCE OWNED BY; Schema: public; Owner: -
--

ALTER SEQUENCE public.grade_details_id_seq OWNED BY public.grade_details.id;


--
-- TOC entry 211 (class 1259 OID 431501)
-- Name: hc_case_types; Type: TABLE; Schema: public; Owner: -
--

CREATE TABLE public.hc_case_types (
    id integer NOT NULL,
    type_name character varying(255) NOT NULL,
    full_form character varying(255) NOT NULL,
    created_at timestamp(0) without time zone,
    updated_at timestamp(0) without time zone
);


--
-- TOC entry 210 (class 1259 OID 431499)
-- Name: hc_case_types_id_seq; Type: SEQUENCE; Schema: public; Owner: -
--

CREATE SEQUENCE public.hc_case_types_id_seq
    START WITH 1
    INCREMENT BY 1
    NO MINVALUE
    NO MAXVALUE
    CACHE 1;


--
-- TOC entry 2514 (class 0 OID 0)
-- Dependencies: 210
-- Name: hc_case_types_id_seq; Type: SEQUENCE OWNED BY; Schema: public; Owner: -
--

ALTER SEQUENCE public.hc_case_types_id_seq OWNED BY public.hc_case_types.id;


--
-- TOC entry 231 (class 1259 OID 448374)
-- Name: history_deleted_data; Type: TABLE; Schema: public; Owner: -
--

CREATE TABLE public.history_deleted_data (
    id bigint NOT NULL,
    table_name character varying(255) NOT NULL,
    deleted_data json NOT NULL,
    deleted_time timestamp(0) without time zone NOT NULL
);


--
-- TOC entry 230 (class 1259 OID 448372)
-- Name: history_deleted_data_id_seq; Type: SEQUENCE; Schema: public; Owner: -
--

CREATE SEQUENCE public.history_deleted_data_id_seq
    START WITH 1
    INCREMENT BY 1
    NO MINVALUE
    NO MAXVALUE
    CACHE 1;


--
-- TOC entry 2515 (class 0 OID 0)
-- Dependencies: 230
-- Name: history_deleted_data_id_seq; Type: SEQUENCE OWNED BY; Schema: public; Owner: -
--

ALTER SEQUENCE public.history_deleted_data_id_seq OWNED BY public.history_deleted_data.id;


--
-- TOC entry 229 (class 1259 OID 448363)
-- Name: history_updated_data; Type: TABLE; Schema: public; Owner: -
--

CREATE TABLE public.history_updated_data (
    id bigint NOT NULL,
    table_name character varying(255) NOT NULL,
    updated_data json NOT NULL,
    updated_time timestamp(0) without time zone NOT NULL
);


--
-- TOC entry 228 (class 1259 OID 448361)
-- Name: history_updated_data_id_seq; Type: SEQUENCE; Schema: public; Owner: -
--

CREATE SEQUENCE public.history_updated_data_id_seq
    START WITH 1
    INCREMENT BY 1
    NO MINVALUE
    NO MAXVALUE
    CACHE 1;


--
-- TOC entry 2516 (class 0 OID 0)
-- Dependencies: 228
-- Name: history_updated_data_id_seq; Type: SEQUENCE OWNED BY; Schema: public; Owner: -
--

ALTER SEQUENCE public.history_updated_data_id_seq OWNED BY public.history_updated_data.id;


--
-- TOC entry 239 (class 1259 OID 448477)
-- Name: jo_legal_experiences; Type: TABLE; Schema: public; Owner: -
--

CREATE TABLE public.jo_legal_experiences (
    id bigint NOT NULL,
    judicial_officer_id bigint NOT NULL,
    subdivision_id integer NOT NULL,
    from_year integer NOT NULL,
    to_year integer NOT NULL,
    created_at timestamp(0) without time zone,
    updated_at timestamp(0) without time zone
);


--
-- TOC entry 238 (class 1259 OID 448475)
-- Name: jo_legal_experiences_id_seq; Type: SEQUENCE; Schema: public; Owner: -
--

CREATE SEQUENCE public.jo_legal_experiences_id_seq
    START WITH 1
    INCREMENT BY 1
    NO MINVALUE
    NO MAXVALUE
    CACHE 1;


--
-- TOC entry 2517 (class 0 OID 0)
-- Dependencies: 238
-- Name: jo_legal_experiences_id_seq; Type: SEQUENCE OWNED BY; Schema: public; Owner: -
--

ALTER SEQUENCE public.jo_legal_experiences_id_seq OWNED BY public.jo_legal_experiences.id;


--
-- TOC entry 197 (class 1259 OID 431324)
-- Name: jo_photos; Type: TABLE; Schema: public; Owner: -
--

CREATE TABLE public.jo_photos (
    id bigint NOT NULL,
    judicial_officer_id bigint NOT NULL,
    photo bytea NOT NULL,
    created_at timestamp(0) without time zone,
    updated_at timestamp(0) without time zone
);


--
-- TOC entry 196 (class 1259 OID 431322)
-- Name: jo_photos_id_seq; Type: SEQUENCE; Schema: public; Owner: -
--

CREATE SEQUENCE public.jo_photos_id_seq
    START WITH 1
    INCREMENT BY 1
    NO MINVALUE
    NO MAXVALUE
    CACHE 1;


--
-- TOC entry 2518 (class 0 OID 0)
-- Dependencies: 196
-- Name: jo_photos_id_seq; Type: SEQUENCE OWNED BY; Schema: public; Owner: -
--

ALTER SEQUENCE public.jo_photos_id_seq OWNED BY public.jo_photos.id;


--
-- TOC entry 235 (class 1259 OID 448449)
-- Name: jo_reporting_reviewings; Type: TABLE; Schema: public; Owner: -
--

CREATE TABLE public.jo_reporting_reviewings (
    id bigint NOT NULL,
    judicial_officer_id bigint NOT NULL,
    reporting_officer_id bigint,
    from_date date NOT NULL,
    to_date date,
    created_at timestamp(0) without time zone,
    updated_at timestamp(0) without time zone
);


--
-- TOC entry 234 (class 1259 OID 448447)
-- Name: jo_reporting_reviewings_id_seq; Type: SEQUENCE; Schema: public; Owner: -
--

CREATE SEQUENCE public.jo_reporting_reviewings_id_seq
    START WITH 1
    INCREMENT BY 1
    NO MINVALUE
    NO MAXVALUE
    CACHE 1;


--
-- TOC entry 2519 (class 0 OID 0)
-- Dependencies: 234
-- Name: jo_reporting_reviewings_id_seq; Type: SEQUENCE OWNED BY; Schema: public; Owner: -
--

ALTER SEQUENCE public.jo_reporting_reviewings_id_seq OWNED BY public.jo_reporting_reviewings.id;


--
-- TOC entry 233 (class 1259 OID 448421)
-- Name: jo_reportings; Type: TABLE; Schema: public; Owner: -
--

CREATE TABLE public.jo_reportings (
    id bigint NOT NULL,
    judicial_officer_id bigint NOT NULL,
    posting_id bigint NOT NULL,
    reporting_officer_id bigint,
    other_reporting_officer_name character(255),
    other_reporting_officer_designation character(255),
    created_at timestamp(0) without time zone,
    updated_at timestamp(0) without time zone
);


--
-- TOC entry 232 (class 1259 OID 448419)
-- Name: jo_reportings_id_seq; Type: SEQUENCE; Schema: public; Owner: -
--

CREATE SEQUENCE public.jo_reportings_id_seq
    START WITH 1
    INCREMENT BY 1
    NO MINVALUE
    NO MAXVALUE
    CACHE 1;


--
-- TOC entry 2520 (class 0 OID 0)
-- Dependencies: 232
-- Name: jo_reportings_id_seq; Type: SEQUENCE OWNED BY; Schema: public; Owner: -
--

ALTER SEQUENCE public.jo_reportings_id_seq OWNED BY public.jo_reportings.id;


--
-- TOC entry 221 (class 1259 OID 431576)
-- Name: jo_zone_tenures; Type: TABLE; Schema: public; Owner: -
--

CREATE TABLE public.jo_zone_tenures (
    id bigint NOT NULL,
    judicial_officer_id bigint NOT NULL,
    zone_id integer NOT NULL,
    from_date date NOT NULL,
    to_date date,
    created_at timestamp(0) without time zone,
    updated_at timestamp(0) without time zone
);


--
-- TOC entry 220 (class 1259 OID 431574)
-- Name: jo_zone_tenures_id_seq; Type: SEQUENCE; Schema: public; Owner: -
--

CREATE SEQUENCE public.jo_zone_tenures_id_seq
    START WITH 1
    INCREMENT BY 1
    NO MINVALUE
    NO MAXVALUE
    CACHE 1;


--
-- TOC entry 2521 (class 0 OID 0)
-- Dependencies: 220
-- Name: jo_zone_tenures_id_seq; Type: SEQUENCE OWNED BY; Schema: public; Owner: -
--

ALTER SEQUENCE public.jo_zone_tenures_id_seq OWNED BY public.jo_zone_tenures.id;


--
-- TOC entry 205 (class 1259 OID 431420)
-- Name: judicial_officer_posting_preferences; Type: TABLE; Schema: public; Owner: -
--

CREATE TABLE public.judicial_officer_posting_preferences (
    id bigint NOT NULL,
    judicial_officer_id bigint NOT NULL,
    zone_id integer NOT NULL,
    remarks text NOT NULL,
    final_submission character varying(255) NOT NULL,
    created_by bigint NOT NULL,
    created_at timestamp(0) without time zone,
    updated_at timestamp(0) without time zone
);


--
-- TOC entry 204 (class 1259 OID 431418)
-- Name: judicial_officer_posting_preferences_id_seq; Type: SEQUENCE; Schema: public; Owner: -
--

CREATE SEQUENCE public.judicial_officer_posting_preferences_id_seq
    START WITH 1
    INCREMENT BY 1
    NO MINVALUE
    NO MAXVALUE
    CACHE 1;


--
-- TOC entry 2522 (class 0 OID 0)
-- Dependencies: 204
-- Name: judicial_officer_posting_preferences_id_seq; Type: SEQUENCE OWNED BY; Schema: public; Owner: -
--

ALTER SEQUENCE public.judicial_officer_posting_preferences_id_seq OWNED BY public.judicial_officer_posting_preferences.id;


--
-- TOC entry 203 (class 1259 OID 431390)
-- Name: judicial_officer_postings; Type: TABLE; Schema: public; Owner: -
--

CREATE TABLE public.judicial_officer_postings (
    id bigint NOT NULL,
    judicial_officer_id bigint NOT NULL,
    designation_id integer NOT NULL,
    court_id integer,
    other_station_name character varying(255),
    mode_id integer NOT NULL,
    from_date date NOT NULL,
    to_date date,
    created_at timestamp(0) without time zone,
    updated_at timestamp(0) without time zone
);


--
-- TOC entry 202 (class 1259 OID 431388)
-- Name: judicial_officer_postings_id_seq; Type: SEQUENCE; Schema: public; Owner: -
--

CREATE SEQUENCE public.judicial_officer_postings_id_seq
    START WITH 1
    INCREMENT BY 1
    NO MINVALUE
    NO MAXVALUE
    CACHE 1;


--
-- TOC entry 2523 (class 0 OID 0)
-- Dependencies: 202
-- Name: judicial_officer_postings_id_seq; Type: SEQUENCE OWNED BY; Schema: public; Owner: -
--

ALTER SEQUENCE public.judicial_officer_postings_id_seq OWNED BY public.judicial_officer_postings.id;


--
-- TOC entry 199 (class 1259 OID 431340)
-- Name: judicial_officer_qualifications; Type: TABLE; Schema: public; Owner: -
--

CREATE TABLE public.judicial_officer_qualifications (
    id bigint NOT NULL,
    judicial_officer_id bigint NOT NULL,
    qualification_id integer NOT NULL,
    passing_year integer NOT NULL,
    created_at timestamp(0) without time zone,
    updated_at timestamp(0) without time zone
);


--
-- TOC entry 198 (class 1259 OID 431338)
-- Name: judicial_officer_qualifications_id_seq; Type: SEQUENCE; Schema: public; Owner: -
--

CREATE SEQUENCE public.judicial_officer_qualifications_id_seq
    START WITH 1
    INCREMENT BY 1
    NO MINVALUE
    NO MAXVALUE
    CACHE 1;


--
-- TOC entry 2524 (class 0 OID 0)
-- Dependencies: 198
-- Name: judicial_officer_qualifications_id_seq; Type: SEQUENCE OWNED BY; Schema: public; Owner: -
--

ALTER SEQUENCE public.judicial_officer_qualifications_id_seq OWNED BY public.judicial_officer_qualifications.id;


--
-- TOC entry 195 (class 1259 OID 431270)
-- Name: judicial_officers; Type: TABLE; Schema: public; Owner: -
--

CREATE TABLE public.judicial_officers (
    id bigint NOT NULL,
    registration_no character varying(255) NOT NULL,
    jo_code character varying(255),
    officer_name character varying(255) NOT NULL,
    gender character varying(255) NOT NULL,
    guardian_name character varying(255) NOT NULL,
    gurdian_relation character varying(255) NOT NULL,
    date_of_birth date NOT NULL,
    home_state_id integer NOT NULL,
    home_district_id integer NOT NULL,
    hometown character varying(255),
    present_address text NOT NULL,
    permanent_address text NOT NULL,
    religion_id integer,
    category_id integer,
    blood_group character varying(255),
    identification_mark character varying(255),
    aadhaar_no character(12),
    pan_no character(10),
    gpf_no character varying(255),
    mobile_no_1 character varying(255) NOT NULL,
    mobile_no_2 character varying(255),
    email_id_1 character varying(255) NOT NULL,
    email_id_2 character varying(255),
    recruitment_batch_id integer NOT NULL,
    date_of_joining date NOT NULL,
    date_of_confirmation date NOT NULL,
    date_of_retirement date NOT NULL,
    created_at timestamp(0) without time zone,
    updated_at timestamp(0) without time zone
);


--
-- TOC entry 194 (class 1259 OID 431268)
-- Name: judicial_officers_id_seq; Type: SEQUENCE; Schema: public; Owner: -
--

CREATE SEQUENCE public.judicial_officers_id_seq
    START WITH 1
    INCREMENT BY 1
    NO MINVALUE
    NO MAXVALUE
    CACHE 1;


--
-- TOC entry 2525 (class 0 OID 0)
-- Dependencies: 194
-- Name: judicial_officers_id_seq; Type: SEQUENCE OWNED BY; Schema: public; Owner: -
--

ALTER SEQUENCE public.judicial_officers_id_seq OWNED BY public.judicial_officers.id;


--
-- TOC entry 227 (class 1259 OID 448118)
-- Name: lcr_hc_ends; Type: TABLE; Schema: public; Owner: -
--

CREATE TABLE public.lcr_hc_ends (
    id bigint NOT NULL,
    district integer NOT NULL,
    subdivision integer NOT NULL,
    court integer NOT NULL,
    hc_case_record integer NOT NULL,
    hc_case_no integer NOT NULL,
    hc_case_year integer NOT NULL,
    deadline date NOT NULL,
    memo_no character varying(255) NOT NULL,
    status_flag character varying(255),
    memo_date date NOT NULL,
    forwarding_court integer,
    created_by bigint NOT NULL,
    created_at timestamp(0) without time zone,
    updated_at timestamp(0) without time zone
);


--
-- TOC entry 226 (class 1259 OID 448116)
-- Name: lcr_hc_ends_id_seq; Type: SEQUENCE; Schema: public; Owner: -
--

CREATE SEQUENCE public.lcr_hc_ends_id_seq
    START WITH 1
    INCREMENT BY 1
    NO MINVALUE
    NO MAXVALUE
    CACHE 1;


--
-- TOC entry 2526 (class 0 OID 0)
-- Dependencies: 226
-- Name: lcr_hc_ends_id_seq; Type: SEQUENCE OWNED BY; Schema: public; Owner: -
--

ALTER SEQUENCE public.lcr_hc_ends_id_seq OWNED BY public.lcr_hc_ends.id;


--
-- TOC entry 209 (class 1259 OID 431485)
-- Name: lcr_lc_details; Type: TABLE; Schema: public; Owner: -
--

CREATE TABLE public.lcr_lc_details (
    id bigint NOT NULL,
    hc_id bigint NOT NULL,
    lower_case_record character varying(255) NOT NULL,
    lower_case_no integer NOT NULL,
    lower_case_year integer NOT NULL,
    compliance_flag character varying(255),
    created_by bigint NOT NULL,
    created_at timestamp(0) without time zone,
    updated_at timestamp(0) without time zone
);


--
-- TOC entry 208 (class 1259 OID 431483)
-- Name: lcr_lc_details_id_seq; Type: SEQUENCE; Schema: public; Owner: -
--

CREATE SEQUENCE public.lcr_lc_details_id_seq
    START WITH 1
    INCREMENT BY 1
    NO MINVALUE
    NO MAXVALUE
    CACHE 1;


--
-- TOC entry 2527 (class 0 OID 0)
-- Dependencies: 208
-- Name: lcr_lc_details_id_seq; Type: SEQUENCE OWNED BY; Schema: public; Owner: -
--

ALTER SEQUENCE public.lcr_lc_details_id_seq OWNED BY public.lcr_lc_details.id;


--
-- TOC entry 225 (class 1259 OID 431632)
-- Name: lcr_status_checks; Type: TABLE; Schema: public; Owner: -
--

CREATE TABLE public.lcr_status_checks (
    id bigint NOT NULL,
    hc_id bigint NOT NULL,
    remarks character varying(255) NOT NULL,
    memo_no character varying(255) NOT NULL,
    memo_date date NOT NULL,
    created_at timestamp(0) without time zone,
    updated_at timestamp(0) without time zone
);


--
-- TOC entry 224 (class 1259 OID 431630)
-- Name: lcr_status_checks_id_seq; Type: SEQUENCE; Schema: public; Owner: -
--

CREATE SEQUENCE public.lcr_status_checks_id_seq
    START WITH 1
    INCREMENT BY 1
    NO MINVALUE
    NO MAXVALUE
    CACHE 1;


--
-- TOC entry 2528 (class 0 OID 0)
-- Dependencies: 224
-- Name: lcr_status_checks_id_seq; Type: SEQUENCE OWNED BY; Schema: public; Owner: -
--

ALTER SEQUENCE public.lcr_status_checks_id_seq OWNED BY public.lcr_status_checks.id;


--
-- TOC entry 213 (class 1259 OID 431516)
-- Name: lower_case_types; Type: TABLE; Schema: public; Owner: -
--

CREATE TABLE public.lower_case_types (
    id integer NOT NULL,
    type_name character varying(255) NOT NULL,
    created_at timestamp(0) without time zone,
    updated_at timestamp(0) without time zone
);


--
-- TOC entry 212 (class 1259 OID 431514)
-- Name: lower_case_types_id_seq; Type: SEQUENCE; Schema: public; Owner: -
--

CREATE SEQUENCE public.lower_case_types_id_seq
    START WITH 1
    INCREMENT BY 1
    NO MINVALUE
    NO MAXVALUE
    CACHE 1;


--
-- TOC entry 2529 (class 0 OID 0)
-- Dependencies: 212
-- Name: lower_case_types_id_seq; Type: SEQUENCE OWNED BY; Schema: public; Owner: -
--

ALTER SEQUENCE public.lower_case_types_id_seq OWNED BY public.lower_case_types.id;


--
-- TOC entry 170 (class 1259 OID 431127)
-- Name: migrations; Type: TABLE; Schema: public; Owner: -
--

CREATE TABLE public.migrations (
    id integer NOT NULL,
    migration character varying(255) NOT NULL,
    batch integer NOT NULL
);


--
-- TOC entry 169 (class 1259 OID 431125)
-- Name: migrations_id_seq; Type: SEQUENCE; Schema: public; Owner: -
--

CREATE SEQUENCE public.migrations_id_seq
    START WITH 1
    INCREMENT BY 1
    NO MINVALUE
    NO MAXVALUE
    CACHE 1;


--
-- TOC entry 2530 (class 0 OID 0)
-- Dependencies: 169
-- Name: migrations_id_seq; Type: SEQUENCE OWNED BY; Schema: public; Owner: -
--

ALTER SEQUENCE public.migrations_id_seq OWNED BY public.migrations.id;


--
-- TOC entry 201 (class 1259 OID 431380)
-- Name: modes; Type: TABLE; Schema: public; Owner: -
--

CREATE TABLE public.modes (
    id integer NOT NULL,
    posting_mode character varying(255) NOT NULL,
    created_by bigint NOT NULL,
    created_at timestamp(0) without time zone,
    updated_at timestamp(0) without time zone
);


--
-- TOC entry 200 (class 1259 OID 431378)
-- Name: modes_id_seq; Type: SEQUENCE; Schema: public; Owner: -
--

CREATE SEQUENCE public.modes_id_seq
    START WITH 1
    INCREMENT BY 1
    NO MINVALUE
    NO MAXVALUE
    CACHE 1;


--
-- TOC entry 2531 (class 0 OID 0)
-- Dependencies: 200
-- Name: modes_id_seq; Type: SEQUENCE OWNED BY; Schema: public; Owner: -
--

ALTER SEQUENCE public.modes_id_seq OWNED BY public.modes.id;


--
-- TOC entry 173 (class 1259 OID 431141)
-- Name: password_resets; Type: TABLE; Schema: public; Owner: -
--

CREATE TABLE public.password_resets (
    email character varying(255) NOT NULL,
    token character varying(255) NOT NULL,
    created_at timestamp(0) without time zone
);


--
-- TOC entry 185 (class 1259 OID 431220)
-- Name: qualifications; Type: TABLE; Schema: public; Owner: -
--

CREATE TABLE public.qualifications (
    id integer NOT NULL,
    qualification_name character varying(255) NOT NULL,
    created_by bigint NOT NULL,
    created_at timestamp(0) without time zone,
    updated_at timestamp(0) without time zone
);


--
-- TOC entry 184 (class 1259 OID 431218)
-- Name: qualifications_id_seq; Type: SEQUENCE; Schema: public; Owner: -
--

CREATE SEQUENCE public.qualifications_id_seq
    START WITH 1
    INCREMENT BY 1
    NO MINVALUE
    NO MAXVALUE
    CACHE 1;


--
-- TOC entry 2532 (class 0 OID 0)
-- Dependencies: 184
-- Name: qualifications_id_seq; Type: SEQUENCE OWNED BY; Schema: public; Owner: -
--

ALTER SEQUENCE public.qualifications_id_seq OWNED BY public.qualifications.id;


--
-- TOC entry 193 (class 1259 OID 431260)
-- Name: recruitment_batches; Type: TABLE; Schema: public; Owner: -
--

CREATE TABLE public.recruitment_batches (
    id integer NOT NULL,
    recruitment_batch_desc character varying(255) NOT NULL,
    batch_year integer NOT NULL,
    created_by bigint NOT NULL,
    created_at timestamp(0) without time zone,
    updated_at timestamp(0) without time zone
);


--
-- TOC entry 192 (class 1259 OID 431258)
-- Name: recruitment_batches_id_seq; Type: SEQUENCE; Schema: public; Owner: -
--

CREATE SEQUENCE public.recruitment_batches_id_seq
    START WITH 1
    INCREMENT BY 1
    NO MINVALUE
    NO MAXVALUE
    CACHE 1;


--
-- TOC entry 2533 (class 0 OID 0)
-- Dependencies: 192
-- Name: recruitment_batches_id_seq; Type: SEQUENCE OWNED BY; Schema: public; Owner: -
--

ALTER SEQUENCE public.recruitment_batches_id_seq OWNED BY public.recruitment_batches.id;


--
-- TOC entry 191 (class 1259 OID 431250)
-- Name: religions; Type: TABLE; Schema: public; Owner: -
--

CREATE TABLE public.religions (
    id integer NOT NULL,
    religion_name character varying(255) NOT NULL,
    created_by bigint NOT NULL,
    created_at timestamp(0) without time zone,
    updated_at timestamp(0) without time zone
);


--
-- TOC entry 190 (class 1259 OID 431248)
-- Name: religions_id_seq; Type: SEQUENCE; Schema: public; Owner: -
--

CREATE SEQUENCE public.religions_id_seq
    START WITH 1
    INCREMENT BY 1
    NO MINVALUE
    NO MAXVALUE
    CACHE 1;


--
-- TOC entry 2534 (class 0 OID 0)
-- Dependencies: 190
-- Name: religions_id_seq; Type: SEQUENCE OWNED BY; Schema: public; Owner: -
--

ALTER SEQUENCE public.religions_id_seq OWNED BY public.religions.id;


--
-- TOC entry 175 (class 1259 OID 431150)
-- Name: states; Type: TABLE; Schema: public; Owner: -
--

CREATE TABLE public.states (
    id integer NOT NULL,
    state_name character varying(255) NOT NULL,
    created_by bigint NOT NULL,
    created_at timestamp(0) without time zone,
    updated_at timestamp(0) without time zone
);


--
-- TOC entry 174 (class 1259 OID 431148)
-- Name: states_id_seq; Type: SEQUENCE; Schema: public; Owner: -
--

CREATE SEQUENCE public.states_id_seq
    START WITH 1
    INCREMENT BY 1
    NO MINVALUE
    NO MAXVALUE
    CACHE 1;


--
-- TOC entry 2535 (class 0 OID 0)
-- Dependencies: 174
-- Name: states_id_seq; Type: SEQUENCE OWNED BY; Schema: public; Owner: -
--

ALTER SEQUENCE public.states_id_seq OWNED BY public.states.id;


--
-- TOC entry 181 (class 1259 OID 431185)
-- Name: subdivisions; Type: TABLE; Schema: public; Owner: -
--

CREATE TABLE public.subdivisions (
    id integer NOT NULL,
    subdivision_name character varying(255) NOT NULL,
    district_id integer NOT NULL,
    zone_id integer NOT NULL,
    created_by bigint NOT NULL,
    created_at timestamp(0) without time zone,
    updated_at timestamp(0) without time zone
);


--
-- TOC entry 180 (class 1259 OID 431183)
-- Name: subdivisions_id_seq; Type: SEQUENCE; Schema: public; Owner: -
--

CREATE SEQUENCE public.subdivisions_id_seq
    START WITH 1
    INCREMENT BY 1
    NO MINVALUE
    NO MAXVALUE
    CACHE 1;


--
-- TOC entry 2536 (class 0 OID 0)
-- Dependencies: 180
-- Name: subdivisions_id_seq; Type: SEQUENCE OWNED BY; Schema: public; Owner: -
--

ALTER SEQUENCE public.subdivisions_id_seq OWNED BY public.subdivisions.id;


--
-- TOC entry 172 (class 1259 OID 431135)
-- Name: user_types; Type: TABLE; Schema: public; Owner: -
--

CREATE TABLE public.user_types (
    id integer NOT NULL,
    type_name character varying(255) NOT NULL,
    created_at timestamp(0) without time zone,
    updated_at timestamp(0) without time zone
);


--
-- TOC entry 171 (class 1259 OID 431133)
-- Name: user_types_id_seq; Type: SEQUENCE; Schema: public; Owner: -
--

CREATE SEQUENCE public.user_types_id_seq
    START WITH 1
    INCREMENT BY 1
    NO MINVALUE
    NO MAXVALUE
    CACHE 1;


--
-- TOC entry 2537 (class 0 OID 0)
-- Dependencies: 171
-- Name: user_types_id_seq; Type: SEQUENCE OWNED BY; Schema: public; Owner: -
--

ALTER SEQUENCE public.user_types_id_seq OWNED BY public.user_types.id;


--
-- TOC entry 223 (class 1259 OID 431596)
-- Name: users; Type: TABLE; Schema: public; Owner: -
--

CREATE TABLE public.users (
    id bigint NOT NULL,
    user_id character varying(255) NOT NULL,
    name character varying(255) NOT NULL,
    user_type_id integer NOT NULL,
    court_id integer,
    judicial_officer_id bigint,
    jo_code character varying(255),
    department_id integer,
    email character varying(255) NOT NULL,
    email_verified_at timestamp(0) without time zone,
    password character varying(255) NOT NULL,
    remember_token character varying(100),
    created_at timestamp(0) without time zone,
    updated_at timestamp(0) without time zone
);


--
-- TOC entry 222 (class 1259 OID 431594)
-- Name: users_id_seq; Type: SEQUENCE; Schema: public; Owner: -
--

CREATE SEQUENCE public.users_id_seq
    START WITH 1
    INCREMENT BY 1
    NO MINVALUE
    NO MAXVALUE
    CACHE 1;


--
-- TOC entry 2538 (class 0 OID 0)
-- Dependencies: 222
-- Name: users_id_seq; Type: SEQUENCE OWNED BY; Schema: public; Owner: -
--

ALTER SEQUENCE public.users_id_seq OWNED BY public.users.id;


--
-- TOC entry 219 (class 1259 OID 431556)
-- Name: zone_subdivisions; Type: TABLE; Schema: public; Owner: -
--

CREATE TABLE public.zone_subdivisions (
    id integer NOT NULL,
    zone_id integer NOT NULL,
    subdivision_id integer NOT NULL,
    created_by bigint NOT NULL,
    created_at timestamp(0) without time zone,
    updated_at timestamp(0) without time zone
);


--
-- TOC entry 218 (class 1259 OID 431554)
-- Name: zone_subdivisions_id_seq; Type: SEQUENCE; Schema: public; Owner: -
--

CREATE SEQUENCE public.zone_subdivisions_id_seq
    START WITH 1
    INCREMENT BY 1
    NO MINVALUE
    NO MAXVALUE
    CACHE 1;


--
-- TOC entry 2539 (class 0 OID 0)
-- Dependencies: 218
-- Name: zone_subdivisions_id_seq; Type: SEQUENCE OWNED BY; Schema: public; Owner: -
--

ALTER SEQUENCE public.zone_subdivisions_id_seq OWNED BY public.zone_subdivisions.id;


--
-- TOC entry 177 (class 1259 OID 431160)
-- Name: zones; Type: TABLE; Schema: public; Owner: -
--

CREATE TABLE public.zones (
    id bigint NOT NULL,
    zone_name character varying(255) NOT NULL,
    min_service_days integer,
    created_by bigint NOT NULL,
    created_at timestamp(0) without time zone,
    updated_at timestamp(0) without time zone
);


--
-- TOC entry 176 (class 1259 OID 431158)
-- Name: zones_id_seq; Type: SEQUENCE; Schema: public; Owner: -
--

CREATE SEQUENCE public.zones_id_seq
    START WITH 1
    INCREMENT BY 1
    NO MINVALUE
    NO MAXVALUE
    CACHE 1;


--
-- TOC entry 2540 (class 0 OID 0)
-- Dependencies: 176
-- Name: zones_id_seq; Type: SEQUENCE OWNED BY; Schema: public; Owner: -
--

ALTER SEQUENCE public.zones_id_seq OWNED BY public.zones.id;


--
-- TOC entry 2122 (class 2604 OID 431539)
-- Name: acr_histories id; Type: DEFAULT; Schema: public; Owner: -
--

ALTER TABLE ONLY public.acr_histories ALTER COLUMN id SET DEFAULT nextval('public.acr_histories_id_seq'::regclass);


--
-- TOC entry 2107 (class 2604 OID 431233)
-- Name: categories id; Type: DEFAULT; Schema: public; Owner: -
--

ALTER TABLE ONLY public.categories ALTER COLUMN id SET DEFAULT nextval('public.categories_id_seq'::regclass);


--
-- TOC entry 2105 (class 2604 OID 431208)
-- Name: courts id; Type: DEFAULT; Schema: public; Owner: -
--

ALTER TABLE ONLY public.courts ALTER COLUMN id SET DEFAULT nextval('public.courts_id_seq'::regclass);


--
-- TOC entry 2132 (class 2604 OID 448472)
-- Name: departments id; Type: DEFAULT; Schema: public; Owner: -
--

ALTER TABLE ONLY public.departments ALTER COLUMN id SET DEFAULT nextval('public.departments_id_seq'::regclass);


--
-- TOC entry 2108 (class 2604 OID 431243)
-- Name: designations id; Type: DEFAULT; Schema: public; Owner: -
--

ALTER TABLE ONLY public.designations ALTER COLUMN id SET DEFAULT nextval('public.designations_id_seq'::regclass);


--
-- TOC entry 2117 (class 2604 OID 431444)
-- Name: diaries id; Type: DEFAULT; Schema: public; Owner: -
--

ALTER TABLE ONLY public.diaries ALTER COLUMN id SET DEFAULT nextval('public.diaries_id_seq'::regclass);


--
-- TOC entry 2103 (class 2604 OID 431173)
-- Name: districts id; Type: DEFAULT; Schema: public; Owner: -
--

ALTER TABLE ONLY public.districts ALTER COLUMN id SET DEFAULT nextval('public.districts_id_seq'::regclass);


--
-- TOC entry 2121 (class 2604 OID 431529)
-- Name: grade_details id; Type: DEFAULT; Schema: public; Owner: -
--

ALTER TABLE ONLY public.grade_details ALTER COLUMN id SET DEFAULT nextval('public.grade_details_id_seq'::regclass);


--
-- TOC entry 2119 (class 2604 OID 431504)
-- Name: hc_case_types id; Type: DEFAULT; Schema: public; Owner: -
--

ALTER TABLE ONLY public.hc_case_types ALTER COLUMN id SET DEFAULT nextval('public.hc_case_types_id_seq'::regclass);


--
-- TOC entry 2129 (class 2604 OID 448377)
-- Name: history_deleted_data id; Type: DEFAULT; Schema: public; Owner: -
--

ALTER TABLE ONLY public.history_deleted_data ALTER COLUMN id SET DEFAULT nextval('public.history_deleted_data_id_seq'::regclass);


--
-- TOC entry 2128 (class 2604 OID 448366)
-- Name: history_updated_data id; Type: DEFAULT; Schema: public; Owner: -
--

ALTER TABLE ONLY public.history_updated_data ALTER COLUMN id SET DEFAULT nextval('public.history_updated_data_id_seq'::regclass);


--
-- TOC entry 2133 (class 2604 OID 448480)
-- Name: jo_legal_experiences id; Type: DEFAULT; Schema: public; Owner: -
--

ALTER TABLE ONLY public.jo_legal_experiences ALTER COLUMN id SET DEFAULT nextval('public.jo_legal_experiences_id_seq'::regclass);


--
-- TOC entry 2112 (class 2604 OID 431327)
-- Name: jo_photos id; Type: DEFAULT; Schema: public; Owner: -
--

ALTER TABLE ONLY public.jo_photos ALTER COLUMN id SET DEFAULT nextval('public.jo_photos_id_seq'::regclass);


--
-- TOC entry 2131 (class 2604 OID 448452)
-- Name: jo_reporting_reviewings id; Type: DEFAULT; Schema: public; Owner: -
--

ALTER TABLE ONLY public.jo_reporting_reviewings ALTER COLUMN id SET DEFAULT nextval('public.jo_reporting_reviewings_id_seq'::regclass);


--
-- TOC entry 2130 (class 2604 OID 448424)
-- Name: jo_reportings id; Type: DEFAULT; Schema: public; Owner: -
--

ALTER TABLE ONLY public.jo_reportings ALTER COLUMN id SET DEFAULT nextval('public.jo_reportings_id_seq'::regclass);


--
-- TOC entry 2124 (class 2604 OID 431579)
-- Name: jo_zone_tenures id; Type: DEFAULT; Schema: public; Owner: -
--

ALTER TABLE ONLY public.jo_zone_tenures ALTER COLUMN id SET DEFAULT nextval('public.jo_zone_tenures_id_seq'::regclass);


--
-- TOC entry 2116 (class 2604 OID 431423)
-- Name: judicial_officer_posting_preferences id; Type: DEFAULT; Schema: public; Owner: -
--

ALTER TABLE ONLY public.judicial_officer_posting_preferences ALTER COLUMN id SET DEFAULT nextval('public.judicial_officer_posting_preferences_id_seq'::regclass);


--
-- TOC entry 2115 (class 2604 OID 431393)
-- Name: judicial_officer_postings id; Type: DEFAULT; Schema: public; Owner: -
--

ALTER TABLE ONLY public.judicial_officer_postings ALTER COLUMN id SET DEFAULT nextval('public.judicial_officer_postings_id_seq'::regclass);


--
-- TOC entry 2113 (class 2604 OID 431343)
-- Name: judicial_officer_qualifications id; Type: DEFAULT; Schema: public; Owner: -
--

ALTER TABLE ONLY public.judicial_officer_qualifications ALTER COLUMN id SET DEFAULT nextval('public.judicial_officer_qualifications_id_seq'::regclass);


--
-- TOC entry 2111 (class 2604 OID 431273)
-- Name: judicial_officers id; Type: DEFAULT; Schema: public; Owner: -
--

ALTER TABLE ONLY public.judicial_officers ALTER COLUMN id SET DEFAULT nextval('public.judicial_officers_id_seq'::regclass);


--
-- TOC entry 2127 (class 2604 OID 448121)
-- Name: lcr_hc_ends id; Type: DEFAULT; Schema: public; Owner: -
--

ALTER TABLE ONLY public.lcr_hc_ends ALTER COLUMN id SET DEFAULT nextval('public.lcr_hc_ends_id_seq'::regclass);


--
-- TOC entry 2118 (class 2604 OID 431488)
-- Name: lcr_lc_details id; Type: DEFAULT; Schema: public; Owner: -
--

ALTER TABLE ONLY public.lcr_lc_details ALTER COLUMN id SET DEFAULT nextval('public.lcr_lc_details_id_seq'::regclass);


--
-- TOC entry 2126 (class 2604 OID 431635)
-- Name: lcr_status_checks id; Type: DEFAULT; Schema: public; Owner: -
--

ALTER TABLE ONLY public.lcr_status_checks ALTER COLUMN id SET DEFAULT nextval('public.lcr_status_checks_id_seq'::regclass);


--
-- TOC entry 2120 (class 2604 OID 431519)
-- Name: lower_case_types id; Type: DEFAULT; Schema: public; Owner: -
--

ALTER TABLE ONLY public.lower_case_types ALTER COLUMN id SET DEFAULT nextval('public.lower_case_types_id_seq'::regclass);


--
-- TOC entry 2099 (class 2604 OID 431130)
-- Name: migrations id; Type: DEFAULT; Schema: public; Owner: -
--

ALTER TABLE ONLY public.migrations ALTER COLUMN id SET DEFAULT nextval('public.migrations_id_seq'::regclass);


--
-- TOC entry 2114 (class 2604 OID 431383)
-- Name: modes id; Type: DEFAULT; Schema: public; Owner: -
--

ALTER TABLE ONLY public.modes ALTER COLUMN id SET DEFAULT nextval('public.modes_id_seq'::regclass);


--
-- TOC entry 2106 (class 2604 OID 431223)
-- Name: qualifications id; Type: DEFAULT; Schema: public; Owner: -
--

ALTER TABLE ONLY public.qualifications ALTER COLUMN id SET DEFAULT nextval('public.qualifications_id_seq'::regclass);


--
-- TOC entry 2110 (class 2604 OID 431263)
-- Name: recruitment_batches id; Type: DEFAULT; Schema: public; Owner: -
--

ALTER TABLE ONLY public.recruitment_batches ALTER COLUMN id SET DEFAULT nextval('public.recruitment_batches_id_seq'::regclass);


--
-- TOC entry 2109 (class 2604 OID 431253)
-- Name: religions id; Type: DEFAULT; Schema: public; Owner: -
--

ALTER TABLE ONLY public.religions ALTER COLUMN id SET DEFAULT nextval('public.religions_id_seq'::regclass);


--
-- TOC entry 2101 (class 2604 OID 431153)
-- Name: states id; Type: DEFAULT; Schema: public; Owner: -
--

ALTER TABLE ONLY public.states ALTER COLUMN id SET DEFAULT nextval('public.states_id_seq'::regclass);


--
-- TOC entry 2104 (class 2604 OID 431188)
-- Name: subdivisions id; Type: DEFAULT; Schema: public; Owner: -
--

ALTER TABLE ONLY public.subdivisions ALTER COLUMN id SET DEFAULT nextval('public.subdivisions_id_seq'::regclass);


--
-- TOC entry 2100 (class 2604 OID 431138)
-- Name: user_types id; Type: DEFAULT; Schema: public; Owner: -
--

ALTER TABLE ONLY public.user_types ALTER COLUMN id SET DEFAULT nextval('public.user_types_id_seq'::regclass);


--
-- TOC entry 2125 (class 2604 OID 431599)
-- Name: users id; Type: DEFAULT; Schema: public; Owner: -
--

ALTER TABLE ONLY public.users ALTER COLUMN id SET DEFAULT nextval('public.users_id_seq'::regclass);


--
-- TOC entry 2123 (class 2604 OID 431559)
-- Name: zone_subdivisions id; Type: DEFAULT; Schema: public; Owner: -
--

ALTER TABLE ONLY public.zone_subdivisions ALTER COLUMN id SET DEFAULT nextval('public.zone_subdivisions_id_seq'::regclass);


--
-- TOC entry 2102 (class 2604 OID 431163)
-- Name: zones id; Type: DEFAULT; Schema: public; Owner: -
--

ALTER TABLE ONLY public.zones ALTER COLUMN id SET DEFAULT nextval('public.zones_id_seq'::regclass);


--
-- TOC entry 2478 (class 0 OID 431536)
-- Dependencies: 217
-- Data for Name: acr_histories; Type: TABLE DATA; Schema: public; Owner: -
--



--
-- TOC entry 2448 (class 0 OID 431230)
-- Dependencies: 187
-- Data for Name: categories; Type: TABLE DATA; Schema: public; Owner: -
--

INSERT INTO public.categories (id, category_name, created_by, created_at, updated_at) VALUES (1, 'general', 11, NULL, NULL);
INSERT INTO public.categories (id, category_name, created_by, created_at, updated_at) VALUES (2, 'scheduled caste', 11, '2019-07-02 06:58:28', '2019-07-02 06:58:28');
INSERT INTO public.categories (id, category_name, created_by, created_at, updated_at) VALUES (3, 'scheduled tribe', 11, '2019-07-02 07:41:15', '2019-07-03 08:42:41');


--
-- TOC entry 2444 (class 0 OID 431205)
-- Dependencies: 183
-- Data for Name: courts; Type: TABLE DATA; Schema: public; Owner: -
--

INSERT INTO public.courts (id, court_name, subdivision_id, latitude, longitude, created_by, created_at, updated_at) VALUES (59, 'civil judge sr  div bishnupur', 76, NULL, NULL, 11, '2019-11-15 17:20:52', '2019-11-15 17:20:52');
INSERT INTO public.courts (id, court_name, subdivision_id, latitude, longitude, created_by, created_at, updated_at) VALUES (60, 'acjm bishnupur', 76, NULL, NULL, 11, '2019-11-15 17:21:23', '2019-11-15 17:21:23');
INSERT INTO public.courts (id, court_name, subdivision_id, latitude, longitude, created_by, created_at, updated_at) VALUES (8, 'bardhaman 1st court', 51, NULL, NULL, 11, '2019-06-17 06:27:05', '2019-08-03 09:27:25');
INSERT INTO public.courts (id, court_name, subdivision_id, latitude, longitude, created_by, created_at, updated_at) VALUES (61, 'civil judge jr  div court bishnupur', 76, NULL, NULL, 11, '2019-11-15 17:22:00', '2019-11-15 17:22:00');
INSERT INTO public.courts (id, court_name, subdivision_id, latitude, longitude, created_by, created_at, updated_at) VALUES (62, 'jm 2nd court bishnupur', 76, NULL, NULL, 11, '2019-11-15 17:22:25', '2019-11-15 17:22:25');
INSERT INTO public.courts (id, court_name, subdivision_id, latitude, longitude, created_by, created_at, updated_at) VALUES (13, 'howrah 2nd court', 77, NULL, NULL, 11, '2019-06-17 06:27:05', '2019-08-03 09:30:49');
INSERT INTO public.courts (id, court_name, subdivision_id, latitude, longitude, created_by, created_at, updated_at) VALUES (14, 'howrah 1st court', 80, NULL, NULL, 11, '2019-06-17 06:27:05', '2019-08-03 09:29:36');
INSERT INTO public.courts (id, court_name, subdivision_id, latitude, longitude, created_by, created_at, updated_at) VALUES (24, 'north dinajpur 1st court', 56, NULL, NULL, 11, '2019-06-17 06:27:06', '2019-08-03 09:22:33');
INSERT INTO public.courts (id, court_name, subdivision_id, latitude, longitude, created_by, created_at, updated_at) VALUES (25, 'bankura 1 st court', 67, NULL, NULL, 11, '2019-06-17 06:27:06', '2019-08-03 09:25:14');
INSERT INTO public.courts (id, court_name, subdivision_id, latitude, longitude, created_by, created_at, updated_at) VALUES (27, 'south dinajpore', 81, NULL, NULL, 11, '2019-06-17 06:27:06', '2019-08-03 09:23:52');
INSERT INTO public.courts (id, court_name, subdivision_id, latitude, longitude, created_by, created_at, updated_at) VALUES (63, 'jm 3rd court bishnupur', 76, NULL, NULL, 11, '2019-11-15 17:22:53', '2019-11-15 17:22:53');
INSERT INTO public.courts (id, court_name, subdivision_id, latitude, longitude, created_by, created_at, updated_at) VALUES (30, 'district judge bankura', 75, NULL, NULL, 11, '2019-06-17 06:27:06', '2019-11-15 16:52:38');
INSERT INTO public.courts (id, court_name, subdivision_id, latitude, longitude, created_by, created_at, updated_at) VALUES (35, 'cjm  bankura', 75, NULL, NULL, 11, '2019-11-15 16:54:32', '2019-11-15 16:55:50');
INSERT INTO public.courts (id, court_name, subdivision_id, latitude, longitude, created_by, created_at, updated_at) VALUES (36, 'cjsd bankura', 75, NULL, NULL, 11, '2019-11-15 16:56:34', '2019-11-15 16:56:34');
INSERT INTO public.courts (id, court_name, subdivision_id, latitude, longitude, created_by, created_at, updated_at) VALUES (38, 'civil judge jr div i bankura', 75, NULL, NULL, 11, '2019-11-15 17:00:54', '2019-11-15 17:00:54');
INSERT INTO public.courts (id, court_name, subdivision_id, latitude, longitude, created_by, created_at, updated_at) VALUES (37, 'civil judge sr div  additional  court  bankura', 75, NULL, NULL, 11, '2019-11-15 16:58:42', '2019-11-15 17:02:20');
INSERT INTO public.courts (id, court_name, subdivision_id, latitude, longitude, created_by, created_at, updated_at) VALUES (39, 'civil judge jr div ii bankura', 75, NULL, NULL, 11, '2019-11-15 17:02:58', '2019-11-15 17:02:58');
INSERT INTO public.courts (id, court_name, subdivision_id, latitude, longitude, created_by, created_at, updated_at) VALUES (40, 'civil judge jr div additional court bankura', 75, NULL, NULL, 11, '2019-11-15 17:03:41', '2019-11-15 17:03:41');
INSERT INTO public.courts (id, court_name, subdivision_id, latitude, longitude, created_by, created_at, updated_at) VALUES (41, 'jm 3rd court bankura', 75, NULL, NULL, 11, '2019-11-15 17:04:13', '2019-11-15 17:04:13');
INSERT INTO public.courts (id, court_name, subdivision_id, latitude, longitude, created_by, created_at, updated_at) VALUES (42, 'jm 4th court bankura', 75, NULL, NULL, 11, '2019-11-15 17:04:33', '2019-11-15 17:04:33');
INSERT INTO public.courts (id, court_name, subdivision_id, latitude, longitude, created_by, created_at, updated_at) VALUES (43, 'jm 5th court bankura', 75, NULL, NULL, 11, '2019-11-15 17:04:47', '2019-11-15 17:04:47');
INSERT INTO public.courts (id, court_name, subdivision_id, latitude, longitude, created_by, created_at, updated_at) VALUES (44, 'jm 6th court bankura', 75, NULL, NULL, 11, '2019-11-15 17:05:13', '2019-11-15 17:05:13');
INSERT INTO public.courts (id, court_name, subdivision_id, latitude, longitude, created_by, created_at, updated_at) VALUES (45, 'jm 7th court bankura', 75, NULL, NULL, 11, '2019-11-15 17:05:44', '2019-11-15 17:05:44');
INSERT INTO public.courts (id, court_name, subdivision_id, latitude, longitude, created_by, created_at, updated_at) VALUES (48, 'adj 2nd court bankura', 75, NULL, NULL, 11, '2019-11-15 17:07:40', '2019-11-15 17:07:40');
INSERT INTO public.courts (id, court_name, subdivision_id, latitude, longitude, created_by, created_at, updated_at) VALUES (49, 'adj 3rd court bankura', 75, NULL, NULL, 11, '2019-11-15 17:08:14', '2019-11-15 17:08:14');
INSERT INTO public.courts (id, court_name, subdivision_id, latitude, longitude, created_by, created_at, updated_at) VALUES (50, 'adj re designated court bankura', 75, NULL, NULL, 11, '2019-11-15 17:08:55', '2019-11-15 17:08:55');
INSERT INTO public.courts (id, court_name, subdivision_id, latitude, longitude, created_by, created_at, updated_at) VALUES (51, 'adj fast track court  bankura', 75, NULL, NULL, 11, '2019-11-15 17:10:22', '2019-11-15 17:10:22');
INSERT INTO public.courts (id, court_name, subdivision_id, latitude, longitude, created_by, created_at, updated_at) VALUES (52, 'adj  khatra', 77, NULL, NULL, 11, '2019-11-15 17:12:57', '2019-11-15 17:12:57');
INSERT INTO public.courts (id, court_name, subdivision_id, latitude, longitude, created_by, created_at, updated_at) VALUES (53, 'civil judge sr  div khatra', 77, NULL, NULL, 11, '2019-11-15 17:13:49', '2019-11-15 17:15:41');
INSERT INTO public.courts (id, court_name, subdivision_id, latitude, longitude, created_by, created_at, updated_at) VALUES (54, 'civil judge jr  div 1st court khatra', 77, NULL, NULL, 11, '2019-11-15 17:16:33', '2019-11-15 17:16:33');
INSERT INTO public.courts (id, court_name, subdivision_id, latitude, longitude, created_by, created_at, updated_at) VALUES (46, 'adj 1st court bankura', 75, NULL, NULL, 11, '2019-11-15 17:06:11', '2019-11-15 17:17:38');
INSERT INTO public.courts (id, court_name, subdivision_id, latitude, longitude, created_by, created_at, updated_at) VALUES (55, 'civil judge jr  div 2nd court khatra', 77, NULL, NULL, 11, '2019-11-15 17:19:00', '2019-11-15 17:19:00');
INSERT INTO public.courts (id, court_name, subdivision_id, latitude, longitude, created_by, created_at, updated_at) VALUES (56, 'acjm khatra', 77, NULL, NULL, 11, '2019-11-15 17:19:35', '2019-11-15 17:19:35');
INSERT INTO public.courts (id, court_name, subdivision_id, latitude, longitude, created_by, created_at, updated_at) VALUES (57, 'jm khatra', 77, NULL, NULL, 11, '2019-11-15 17:19:54', '2019-11-15 17:19:54');
INSERT INTO public.courts (id, court_name, subdivision_id, latitude, longitude, created_by, created_at, updated_at) VALUES (58, 'adj bishnupur', 76, NULL, NULL, 11, '2019-11-15 17:20:23', '2019-11-15 17:20:23');
INSERT INTO public.courts (id, court_name, subdivision_id, latitude, longitude, created_by, created_at, updated_at) VALUES (64, 'district judge birbhum', 78, NULL, NULL, 11, '2019-11-15 17:23:43', '2019-11-15 17:25:11');
INSERT INTO public.courts (id, court_name, subdivision_id, latitude, longitude, created_by, created_at, updated_at) VALUES (65, 'adj 1st court birbhum', 78, NULL, NULL, 11, '2019-11-15 17:25:48', '2019-11-15 17:25:48');
INSERT INTO public.courts (id, court_name, subdivision_id, latitude, longitude, created_by, created_at, updated_at) VALUES (66, 'adj 2nd court birbhum', 78, NULL, NULL, 11, '2019-11-15 17:26:50', '2019-11-15 17:26:50');
INSERT INTO public.courts (id, court_name, subdivision_id, latitude, longitude, created_by, created_at, updated_at) VALUES (67, 'adj 3rd court birbhum', 78, NULL, NULL, 11, '2019-11-15 17:27:21', '2019-11-15 17:27:21');
INSERT INTO public.courts (id, court_name, subdivision_id, latitude, longitude, created_by, created_at, updated_at) VALUES (68, 'adj 4th court birbhum', 78, NULL, NULL, 11, '2019-11-15 17:27:42', '2019-11-15 17:27:42');
INSERT INTO public.courts (id, court_name, subdivision_id, latitude, longitude, created_by, created_at, updated_at) VALUES (69, 'adj ftc court birbhum', 78, NULL, NULL, 11, '2019-11-15 17:28:20', '2019-11-15 17:28:40');
INSERT INTO public.courts (id, court_name, subdivision_id, latitude, longitude, created_by, created_at, updated_at) VALUES (70, 'cjm birbhum', 78, NULL, NULL, 11, '2019-11-15 17:29:02', '2019-11-15 17:29:02');
INSERT INTO public.courts (id, court_name, subdivision_id, latitude, longitude, created_by, created_at, updated_at) VALUES (71, 'acjm birbhum', 78, NULL, NULL, 11, '2019-11-15 17:29:17', '2019-11-15 17:29:17');
INSERT INTO public.courts (id, court_name, subdivision_id, latitude, longitude, created_by, created_at, updated_at) VALUES (72, 'civil judge sr div birbhum', 78, NULL, NULL, 11, '2019-11-15 17:30:10', '2019-11-15 17:30:10');
INSERT INTO public.courts (id, court_name, subdivision_id, latitude, longitude, created_by, created_at, updated_at) VALUES (73, 'civil judge jr div sadar court birbhum', 78, NULL, NULL, 11, '2019-11-15 17:31:20', '2019-11-15 17:31:20');
INSERT INTO public.courts (id, court_name, subdivision_id, latitude, longitude, created_by, created_at, updated_at) VALUES (74, 'civil judge jr div additional court birbhum', 78, NULL, NULL, 11, '2019-11-15 17:32:52', '2019-11-15 17:32:52');
INSERT INTO public.courts (id, court_name, subdivision_id, latitude, longitude, created_by, created_at, updated_at) VALUES (75, 'jm 1st court birbhum', 78, NULL, NULL, 11, '2019-11-15 17:33:18', '2019-11-15 17:33:18');
INSERT INTO public.courts (id, court_name, subdivision_id, latitude, longitude, created_by, created_at, updated_at) VALUES (76, 'jm 2nd court birbhum', 78, NULL, NULL, 11, '2019-11-15 17:34:00', '2019-11-15 17:34:00');
INSERT INTO public.courts (id, court_name, subdivision_id, latitude, longitude, created_by, created_at, updated_at) VALUES (77, 'jm 3rd court birbhum', 78, NULL, NULL, 11, '2019-11-15 17:34:18', '2019-11-15 17:34:18');
INSERT INTO public.courts (id, court_name, subdivision_id, latitude, longitude, created_by, created_at, updated_at) VALUES (78, 'secretary dlsa birbhum', 78, NULL, NULL, 11, '2019-11-15 17:34:37', '2019-11-15 17:34:37');
INSERT INTO public.courts (id, court_name, subdivision_id, latitude, longitude, created_by, created_at, updated_at) VALUES (79, 'adj ftc dubrajpur birbhum', 81, NULL, NULL, 11, '2019-11-15 17:35:06', '2019-11-15 17:35:35');
INSERT INTO public.courts (id, court_name, subdivision_id, latitude, longitude, created_by, created_at, updated_at) VALUES (80, 'civil judge jr div court dubrajpur birbhum', 81, NULL, NULL, 11, '2019-11-15 17:37:19', '2019-11-15 17:37:19');
INSERT INTO public.courts (id, court_name, subdivision_id, latitude, longitude, created_by, created_at, updated_at) VALUES (81, 'jm dubrajpur birbhum', 81, NULL, NULL, 11, '2019-11-15 17:37:57', '2019-11-15 17:37:57');
INSERT INTO public.courts (id, court_name, subdivision_id, latitude, longitude, created_by, created_at, updated_at) VALUES (1, 'darjeeling 1st court', 118, NULL, NULL, 11, '2019-06-17 06:27:05', '2019-08-03 09:28:11');
INSERT INTO public.courts (id, court_name, subdivision_id, latitude, longitude, created_by, created_at, updated_at) VALUES (3, 'calcutta city court', 51, NULL, NULL, 11, '2019-06-17 06:27:05', '2019-08-03 09:19:41');


--
-- TOC entry 2498 (class 0 OID 448469)
-- Dependencies: 237
-- Data for Name: departments; Type: TABLE DATA; Schema: public; Owner: -
--

INSERT INTO public.departments (id, dept_name, created_at, updated_at) VALUES (1, 'Rule ', NULL, NULL);
INSERT INTO public.departments (id, dept_name, created_at, updated_at) VALUES (2, 'Criminal', NULL, NULL);
INSERT INTO public.departments (id, dept_name, created_at, updated_at) VALUES (3, 'FMA', NULL, NULL);


--
-- TOC entry 2450 (class 0 OID 431240)
-- Dependencies: 189
-- Data for Name: designations; Type: TABLE DATA; Schema: public; Owner: -
--

INSERT INTO public.designations (id, designation_name, created_by, created_at, updated_at) VALUES (1, 'ACJM', 2, '2019-11-22 18:04:31', '2019-11-22 18:04:31');
INSERT INTO public.designations (id, designation_name, created_by, created_at, updated_at) VALUES (2, 'JM', 11, '2019-11-26 15:42:01', '2019-11-26 15:43:14');
INSERT INTO public.designations (id, designation_name, created_by, created_at, updated_at) VALUES (3, 'ADJ', 11, '2019-11-26 15:43:22', '2019-11-26 15:43:22');
INSERT INTO public.designations (id, designation_name, created_by, created_at, updated_at) VALUES (4, 'ADJ FTC', 11, '2019-11-26 15:43:35', '2019-11-26 15:43:35');
INSERT INTO public.designations (id, designation_name, created_by, created_at, updated_at) VALUES (5, 'CJSD', 11, '2019-11-26 15:43:48', '2019-11-26 15:43:48');


--
-- TOC entry 2468 (class 0 OID 431441)
-- Dependencies: 207
-- Data for Name: diaries; Type: TABLE DATA; Schema: public; Owner: -
--



--
-- TOC entry 2440 (class 0 OID 431170)
-- Dependencies: 179
-- Data for Name: districts; Type: TABLE DATA; Schema: public; Owner: -
--

INSERT INTO public.districts (id, district_name, state_id, created_by, created_at, updated_at) VALUES (4, 'west alexys', 7, 11, '2019-06-17 06:27:05', '2019-06-17 06:27:05');
INSERT INTO public.districts (id, district_name, state_id, created_by, created_at, updated_at) VALUES (11, 'west elta', 17, 11, '2019-06-17 06:27:05', '2019-06-17 06:27:05');
INSERT INTO public.districts (id, district_name, state_id, created_by, created_at, updated_at) VALUES (12, 'trantowborough', 17, 11, '2019-06-17 06:27:05', '2019-06-17 06:27:05');
INSERT INTO public.districts (id, district_name, state_id, created_by, created_at, updated_at) VALUES (15, 'south nathanaelview', 24, 11, '2019-06-17 06:27:05', '2019-06-17 06:27:05');
INSERT INTO public.districts (id, district_name, state_id, created_by, created_at, updated_at) VALUES (17, 'zboncakfort', 30, 11, '2019-06-17 06:27:05', '2019-06-17 06:27:05');
INSERT INTO public.districts (id, district_name, state_id, created_by, created_at, updated_at) VALUES (18, 'west magnusview', 30, 11, '2019-06-17 06:27:05', '2019-06-17 06:27:05');
INSERT INTO public.districts (id, district_name, state_id, created_by, created_at, updated_at) VALUES (20, 'west monteborough', 31, 11, '2019-06-17 06:27:06', '2019-06-17 06:27:06');
INSERT INTO public.districts (id, district_name, state_id, created_by, created_at, updated_at) VALUES (21, 'south westleyborough', 31, 11, '2019-06-17 06:27:06', '2019-06-17 06:27:06');
INSERT INTO public.districts (id, district_name, state_id, created_by, created_at, updated_at) VALUES (36, 'kolkata', 51, 11, '2019-07-10 06:27:59', '2019-07-10 06:27:59');
INSERT INTO public.districts (id, district_name, state_id, created_by, created_at, updated_at) VALUES (2, 'east midnapure', 2, 11, '2019-06-17 06:27:04', '2019-08-05 05:46:51');
INSERT INTO public.districts (id, district_name, state_id, created_by, created_at, updated_at) VALUES (14, 'west burdwan', 24, 11, '2019-06-17 06:27:05', '2019-08-05 05:47:25');
INSERT INTO public.districts (id, district_name, state_id, created_by, created_at, updated_at) VALUES (26, 'howrah', 44, 11, '2019-06-17 06:27:06', '2019-08-05 05:47:53');
INSERT INTO public.districts (id, district_name, state_id, created_by, created_at, updated_at) VALUES (28, 'hoogly', 48, 11, '2019-06-17 06:27:06', '2019-08-05 05:48:03');
INSERT INTO public.districts (id, district_name, state_id, created_by, created_at, updated_at) VALUES (25, 'bankura', 44, 11, '2019-06-17 06:27:06', '2019-08-05 05:48:21');
INSERT INTO public.districts (id, district_name, state_id, created_by, created_at, updated_at) VALUES (5, 'purulia', 7, 11, '2019-06-17 06:27:05', '2019-08-05 05:48:47');
INSERT INTO public.districts (id, district_name, state_id, created_by, created_at, updated_at) VALUES (27, 'birbhum', 44, 11, '2019-06-17 06:27:06', '2019-08-05 05:49:09');
INSERT INTO public.districts (id, district_name, state_id, created_by, created_at, updated_at) VALUES (8, 'south dinajpur', 11, 11, '2019-06-17 06:27:05', '2019-08-05 05:50:41');
INSERT INTO public.districts (id, district_name, state_id, created_by, created_at, updated_at) VALUES (22, 'alipure duar', 38, 11, '2019-06-17 06:27:06', '2019-08-05 05:54:08');
INSERT INTO public.districts (id, district_name, state_id, created_by, created_at, updated_at) VALUES (10, 'darjeeling', 17, 11, '2019-06-17 06:27:05', '2019-08-05 05:55:27');
INSERT INTO public.districts (id, district_name, state_id, created_by, created_at, updated_at) VALUES (7, 'kalimpong', 11, 11, '2019-06-17 06:27:05', '2019-08-05 05:56:54');
INSERT INTO public.districts (id, district_name, state_id, created_by, created_at, updated_at) VALUES (6, 'malda', 8, 11, '2019-06-17 06:27:05', '2019-08-05 05:51:22');
INSERT INTO public.districts (id, district_name, state_id, created_by, created_at, updated_at) VALUES (38, 'north 24 parganas', 51, 11, '2019-11-11 12:26:13', '2019-11-11 12:26:13');
INSERT INTO public.districts (id, district_name, state_id, created_by, created_at, updated_at) VALUES (13, 'south 24 parganas', 24, 11, '2019-06-17 06:27:05', '2019-11-11 12:28:19');
INSERT INTO public.districts (id, district_name, state_id, created_by, created_at, updated_at) VALUES (40, 'purba bardhaman', 51, 11, '2019-11-11 13:19:11', '2019-11-11 13:19:11');
INSERT INTO public.districts (id, district_name, state_id, created_by, created_at, updated_at) VALUES (41, 'paschim bardhaman', 51, 11, '2019-11-11 13:19:29', '2019-11-11 13:19:29');
INSERT INTO public.districts (id, district_name, state_id, created_by, created_at, updated_at) VALUES (42, 'jhargram', 51, 11, '2019-11-11 13:19:58', '2019-11-11 13:19:58');
INSERT INTO public.districts (id, district_name, state_id, created_by, created_at, updated_at) VALUES (43, 'paschim medinipur', 51, 11, '2019-11-11 13:20:14', '2019-11-11 13:20:14');
INSERT INTO public.districts (id, district_name, state_id, created_by, created_at, updated_at) VALUES (44, 'murshidabad', 51, 11, '2019-11-11 13:20:46', '2019-11-11 13:20:46');
INSERT INTO public.districts (id, district_name, state_id, created_by, created_at, updated_at) VALUES (45, 'purba medinipur', 51, 11, '2019-11-11 13:30:59', '2019-11-11 13:30:59');
INSERT INTO public.districts (id, district_name, state_id, created_by, created_at, updated_at) VALUES (46, 'nadia', 51, 11, '2019-11-11 13:31:32', '2019-11-11 13:31:32');
INSERT INTO public.districts (id, district_name, state_id, created_by, created_at, updated_at) VALUES (47, 'cooch behar', 51, 11, '2019-11-11 13:32:34', '2019-11-11 13:32:34');
INSERT INTO public.districts (id, district_name, state_id, created_by, created_at, updated_at) VALUES (48, 'jalpaiguri', 51, 11, '2019-11-11 13:42:40', '2019-11-11 13:42:40');
INSERT INTO public.districts (id, district_name, state_id, created_by, created_at, updated_at) VALUES (29, 'u dinajpur', 48, 11, '2019-06-17 06:27:06', '2019-11-11 13:54:30');
INSERT INTO public.districts (id, district_name, state_id, created_by, created_at, updated_at) VALUES (49, 'd dinajpur', 51, 11, '2019-11-11 14:00:30', '2019-11-11 14:00:30');
INSERT INTO public.districts (id, district_name, state_id, created_by, created_at, updated_at) VALUES (50, 'andaman and nicobar island', 75, 11, '2019-11-11 14:07:53', '2019-11-11 14:07:53');


--
-- TOC entry 2476 (class 0 OID 431526)
-- Dependencies: 215
-- Data for Name: grade_details; Type: TABLE DATA; Schema: public; Owner: -
--

INSERT INTO public.grade_details (id, grade_name, created_by, created_at, updated_at) VALUES (1, 'good', 11, '2019-09-25 00:00:00', '2019-09-25 00:00:00');
INSERT INTO public.grade_details (id, grade_name, created_by, created_at, updated_at) VALUES (2, 'average', 11, '2019-09-25 00:00:00', '2019-09-25 00:00:00');
INSERT INTO public.grade_details (id, grade_name, created_by, created_at, updated_at) VALUES (3, 'very good', 11, '2019-09-25 00:00:00', '2019-09-25 00:00:00');
INSERT INTO public.grade_details (id, grade_name, created_by, created_at, updated_at) VALUES (4, 'outstanding', 11, '2019-09-25 00:00:00', '2019-09-25 00:00:00');
INSERT INTO public.grade_details (id, grade_name, created_by, created_at, updated_at) VALUES (5, 'poor', 11, '2019-09-25 00:00:00', '2019-09-25 00:00:00');


--
-- TOC entry 2472 (class 0 OID 431501)
-- Dependencies: 211
-- Data for Name: hc_case_types; Type: TABLE DATA; Schema: public; Owner: -
--

INSERT INTO public.hc_case_types (id, type_name, full_form, created_at, updated_at) VALUES (1, 'AA', 'ARBRITATION APPL.', NULL, NULL);
INSERT INTO public.hc_case_types (id, type_name, full_form, created_at, updated_at) VALUES (2, 'ABWA', 'APPL.UND.BENGAL WAKFS ACT', NULL, NULL);
INSERT INTO public.hc_case_types (id, type_name, full_form, created_at, updated_at) VALUES (3, 'AC', 'AWARD CASES', NULL, NULL);
INSERT INTO public.hc_case_types (id, type_name, full_form, created_at, updated_at) VALUES (4, 'ACA', 'APPL.UNDER CHARTERED ACCOUNTANTS ACT, 1949', NULL, NULL);
INSERT INTO public.hc_case_types (id, type_name, full_form, created_at, updated_at) VALUES (5, 'ACO', 'PET. IN COMP. APPL.', NULL, NULL);
INSERT INTO public.hc_case_types (id, type_name, full_form, created_at, updated_at) VALUES (6, 'ACR', 'APPL.UND.CHARITABLE & RELIGIOUS TRUST ACT', NULL, NULL);
INSERT INTO public.hc_case_types (id, type_name, full_form, created_at, updated_at) VALUES (7, 'ACRP', 'APPL.UND.SEC.151 OF THE CR.P.C.', NULL, NULL);
INSERT INTO public.hc_case_types (id, type_name, full_form, created_at, updated_at) VALUES (8, 'ACWA', 'APPL.UND.SEC 21 COST&WORKS ACCOUNTACTS ACT, 1959', NULL, NULL);
INSERT INTO public.hc_case_types (id, type_name, full_form, created_at, updated_at) VALUES (9, 'AED', 'APPL. U/S. 64 OF ESTATE DUTY ACT, 1953', NULL, NULL);
INSERT INTO public.hc_case_types (id, type_name, full_form, created_at, updated_at) VALUES (10, 'AET', 'APPL. U/S 25 OF EXPENDITURE TAX ACT, 1957', NULL, NULL);
INSERT INTO public.hc_case_types (id, type_name, full_form, created_at, updated_at) VALUES (11, 'AFP', 'APPL.FOR LEAVE TO SUE AS AN INDIGENT PERSON', NULL, NULL);
INSERT INTO public.hc_case_types (id, type_name, full_form, created_at, updated_at) VALUES (12, 'AGA', 'APPL.UND.SEC.25 OF ADMINISTRATOR GENERALS'' ACT', NULL, NULL);
INSERT INTO public.hc_case_types (id, type_name, full_form, created_at, updated_at) VALUES (13, 'AGL', 'APPL.FOR APPOINTMENT OF GUARDIAN-AD-LITEM', NULL, NULL);
INSERT INTO public.hc_case_types (id, type_name, full_form, created_at, updated_at) VALUES (14, 'AGT', 'APPL. U/S 26 GIFT TAX ACT, 1958', NULL, NULL);
INSERT INTO public.hc_case_types (id, type_name, full_form, created_at, updated_at) VALUES (15, 'AGWA', 'APPL.UND.GUARDIANS & WARDS ACT', NULL, NULL);
INSERT INTO public.hc_case_types (id, type_name, full_form, created_at, updated_at) VALUES (16, 'AHC', 'HABEAS CORPUS', NULL, NULL);
INSERT INTO public.hc_case_types (id, type_name, full_form, created_at, updated_at) VALUES (17, 'AID', 'APPL. UNDER PATENTS & DESIGNS ACT, 1970', NULL, NULL);
INSERT INTO public.hc_case_types (id, type_name, full_form, created_at, updated_at) VALUES (18, 'AIDR', 'APPL.UND.INDUSTRIAL DEVELOPMENT REGULATION ACT', NULL, NULL);
INSERT INTO public.hc_case_types (id, type_name, full_form, created_at, updated_at) VALUES (19, 'AIFC', 'APPL.UND.INDUSTRIAL FINANCE CORP. ACT', NULL, NULL);
INSERT INTO public.hc_case_types (id, type_name, full_form, created_at, updated_at) VALUES (20, 'AIRB', 'APPN.RECON.BANK OF I', NULL, NULL);
INSERT INTO public.hc_case_types (id, type_name, full_form, created_at, updated_at) VALUES (21, 'ALP', 'APPL.UND.CLAUSE 13 OF LETTERS PATENT', NULL, NULL);
INSERT INTO public.hc_case_types (id, type_name, full_form, created_at, updated_at) VALUES (22, 'ALP.ITL', 'APPL. UNDER CLAUSE 17 OF THE LETTERS PATENT', NULL, NULL);
INSERT INTO public.hc_case_types (id, type_name, full_form, created_at, updated_at) VALUES (23, 'ALPII', 'APPL.UND.CLAUSE 17 L', NULL, NULL);
INSERT INTO public.hc_case_types (id, type_name, full_form, created_at, updated_at) VALUES (24, 'ALPITL', 'APPL.CLAUSE-17 LP', NULL, NULL);
INSERT INTO public.hc_case_types (id, type_name, full_form, created_at, updated_at) VALUES (25, 'AOR', 'CALCUTTA OFFICIAL RECEIVER''S ACT 1938', NULL, NULL);
INSERT INTO public.hc_case_types (id, type_name, full_form, created_at, updated_at) VALUES (26, 'AORC', 'APPLICATION OMNIBUS RESIDUARY CLASS', NULL, NULL);
INSERT INTO public.hc_case_types (id, type_name, full_form, created_at, updated_at) VALUES (27, 'AOT', 'APPL.UND.OFFICIAL TRUSTEES ACT', NULL, NULL);
INSERT INTO public.hc_case_types (id, type_name, full_form, created_at, updated_at) VALUES (28, 'AP', 'ARBITRATION PETITION', NULL, NULL);
INSERT INTO public.hc_case_types (id, type_name, full_form, created_at, updated_at) VALUES (29, 'APD', 'APPEAL FROM DECREE', NULL, NULL);
INSERT INTO public.hc_case_types (id, type_name, full_form, created_at, updated_at) VALUES (30, 'APDT', 'APP. FR. DECR. TEND.', NULL, NULL);
INSERT INTO public.hc_case_types (id, type_name, full_form, created_at, updated_at) VALUES (31, 'APO', 'APPEAL FROM ORDER', NULL, NULL);
INSERT INTO public.hc_case_types (id, type_name, full_form, created_at, updated_at) VALUES (32, 'APOT', 'TEMP APO', NULL, NULL);
INSERT INTO public.hc_case_types (id, type_name, full_form, created_at, updated_at) VALUES (33, 'AS', 'ADMIRALITY  SUITS', NULL, NULL);
INSERT INTO public.hc_case_types (id, type_name, full_form, created_at, updated_at) VALUES (34, 'ASCI', 'APPL.FOR LEAVE TO APPEAL TO THE SUPREME COURT OF INDIA', NULL, NULL);
INSERT INTO public.hc_case_types (id, type_name, full_form, created_at, updated_at) VALUES (35, 'ASFC', 'APPL.UND.STAE FINANCIAL CORP. ACT', NULL, NULL);
INSERT INTO public.hc_case_types (id, type_name, full_form, created_at, updated_at) VALUES (36, 'ASM', 'APPL.SANCHAITA MATTERS', NULL, NULL);
INSERT INTO public.hc_case_types (id, type_name, full_form, created_at, updated_at) VALUES (37, 'ATA', 'APPL.UNDER TRUST ACT', NULL, NULL);
INSERT INTO public.hc_case_types (id, type_name, full_form, created_at, updated_at) VALUES (38, 'ATM', 'APPL.UND.TRADE&MERCHANDISE MARKS, ACT', NULL, NULL);
INSERT INTO public.hc_case_types (id, type_name, full_form, created_at, updated_at) VALUES (39, 'AUDA', 'APPL.UND.UNCLAIMED DEPOSITS ACT', NULL, NULL);
INSERT INTO public.hc_case_types (id, type_name, full_form, created_at, updated_at) VALUES (40, 'AWT', 'APPL. U/S 27 OF WEALTH TAX ACT, 1957', NULL, NULL);
INSERT INTO public.hc_case_types (id, type_name, full_form, created_at, updated_at) VALUES (41, 'BBA', 'APPL.UND.BANKERS BOOKS EVIDENCE ACT, 1891', NULL, NULL);
INSERT INTO public.hc_case_types (id, type_name, full_form, created_at, updated_at) VALUES (42, 'BIFR', 'BIFR', NULL, NULL);
INSERT INTO public.hc_case_types (id, type_name, full_form, created_at, updated_at) VALUES (43, 'CA', 'COMPANY APPLICATION', NULL, NULL);
INSERT INTO public.hc_case_types (id, type_name, full_form, created_at, updated_at) VALUES (44, 'CAA', 'COMMISSIONER OF PATENT APPEAL', NULL, NULL);
INSERT INTO public.hc_case_types (id, type_name, full_form, created_at, updated_at) VALUES (45, 'CC', 'CONTEMPT OF COURT CASES', NULL, NULL);
INSERT INTO public.hc_case_types (id, type_name, full_form, created_at, updated_at) VALUES (46, 'CEXA', 'APPL.UND.CENTRAL EXCISE ACT', NULL, NULL);
INSERT INTO public.hc_case_types (id, type_name, full_form, created_at, updated_at) VALUES (47, 'CHS', 'CHAMBER SUMMONS', NULL, NULL);
INSERT INTO public.hc_case_types (id, type_name, full_form, created_at, updated_at) VALUES (48, 'CP', 'COMPANY PETITIONS', NULL, NULL);
INSERT INTO public.hc_case_types (id, type_name, full_form, created_at, updated_at) VALUES (49, 'CPA', 'COMMISSIONER OF PATE', NULL, NULL);
INSERT INTO public.hc_case_types (id, type_name, full_form, created_at, updated_at) VALUES (50, 'CRA', 'COPYRIGHT APPEAL', NULL, NULL);
INSERT INTO public.hc_case_types (id, type_name, full_form, created_at, updated_at) VALUES (51, 'CRCC', 'CRIMINAL CONTEMPT', NULL, NULL);
INSERT INTO public.hc_case_types (id, type_name, full_form, created_at, updated_at) VALUES (52, 'CS', 'CIVIL SUITS', NULL, NULL);
INSERT INTO public.hc_case_types (id, type_name, full_form, created_at, updated_at) VALUES (53, 'CS(O)', 'CIVIL SUIT(OLD)', NULL, NULL);
INSERT INTO public.hc_case_types (id, type_name, full_form, created_at, updated_at) VALUES (54, 'CSOS', 'CIVIL SUIT ORIGINATING SUMMONS', NULL, NULL);
INSERT INTO public.hc_case_types (id, type_name, full_form, created_at, updated_at) VALUES (55, 'CUSTA', 'APPL.UND.CUSTOMS ACT', NULL, NULL);
INSERT INTO public.hc_case_types (id, type_name, full_form, created_at, updated_at) VALUES (56, 'DM', 'UND.CHAPTER V OF O.S. RULES', NULL, NULL);
INSERT INTO public.hc_case_types (id, type_name, full_form, created_at, updated_at) VALUES (57, 'EC', 'EXECUTION CASES', NULL, NULL);
INSERT INTO public.hc_case_types (id, type_name, full_form, created_at, updated_at) VALUES (58, 'EOPLA', 'EXTRA ORDINARY PROBATE PROCEEDINGS', NULL, NULL);
INSERT INTO public.hc_case_types (id, type_name, full_form, created_at, updated_at) VALUES (59, 'EOS', 'EXTRA ORDINARY SUITS', NULL, NULL);
INSERT INTO public.hc_case_types (id, type_name, full_form, created_at, updated_at) VALUES (60, 'EP', 'ELEC.PET.(PEOPLES REPRESENTATION ACT, 1951)', NULL, NULL);
INSERT INTO public.hc_case_types (id, type_name, full_form, created_at, updated_at) VALUES (61, 'FEA', 'FOREIGN EXCHANGE APPEAL', NULL, NULL);
INSERT INTO public.hc_case_types (id, type_name, full_form, created_at, updated_at) VALUES (62, 'FERA', 'APPL.UND.FOREIGN EXCHANGE REGULATION ACT', NULL, NULL);
INSERT INTO public.hc_case_types (id, type_name, full_form, created_at, updated_at) VALUES (63, 'GCAL', 'APPL.UND.GOLD CONTROL ACT', NULL, NULL);
INSERT INTO public.hc_case_types (id, type_name, full_form, created_at, updated_at) VALUES (64, 'IC', 'INSOLVENCY CASES', NULL, NULL);
INSERT INTO public.hc_case_types (id, type_name, full_form, created_at, updated_at) VALUES (65, 'ICA', 'APPL.UNDER INDIAN COMPANIES ACT, 1913', NULL, NULL);
INSERT INTO public.hc_case_types (id, type_name, full_form, created_at, updated_at) VALUES (66, 'IP', 'IT.PET.256(2)IT''61', NULL, NULL);
INSERT INTO public.hc_case_types (id, type_name, full_form, created_at, updated_at) VALUES (67, 'ITA', 'INCOME TAX APPEAL', NULL, NULL);
INSERT INTO public.hc_case_types (id, type_name, full_form, created_at, updated_at) VALUES (68, 'ITAT', 'INCOME TAX APPEAL TENDERED', NULL, NULL);
INSERT INTO public.hc_case_types (id, type_name, full_form, created_at, updated_at) VALUES (69, 'ITP', 'INCOME TAX PET.(U/S. 256 (2) OF I.T. ACT, 1961)', NULL, NULL);
INSERT INTO public.hc_case_types (id, type_name, full_form, created_at, updated_at) VALUES (70, 'ITR', 'INCOMETAX REF.SEC.256 (1) OF I.T. ACT, 1961', NULL, NULL);
INSERT INTO public.hc_case_types (id, type_name, full_form, created_at, updated_at) VALUES (71, 'LM', 'LUNATIC MATTERS', NULL, NULL);
INSERT INTO public.hc_case_types (id, type_name, full_form, created_at, updated_at) VALUES (72, 'LPA', 'LETTERS PATENT APPEAL', NULL, NULL);
INSERT INTO public.hc_case_types (id, type_name, full_form, created_at, updated_at) VALUES (73, 'MM', 'MISFEAOUCE MATTERS', NULL, NULL);
INSERT INTO public.hc_case_types (id, type_name, full_form, created_at, updated_at) VALUES (74, 'MS', 'MATRIMONIAL SUITS', NULL, NULL);
INSERT INTO public.hc_case_types (id, type_name, full_form, created_at, updated_at) VALUES (75, 'NM', 'NOTICE OF MOTION', NULL, NULL);
INSERT INTO public.hc_case_types (id, type_name, full_form, created_at, updated_at) VALUES (76, 'OCO', 'ORIGINAL SIDE CROSS OBJECTION', NULL, NULL);
INSERT INTO public.hc_case_types (id, type_name, full_form, created_at, updated_at) VALUES (77, 'OCOT', 'ORIGINAL SIDE CROSS OBJECTION TENDER', NULL, NULL);
INSERT INTO public.hc_case_types (id, type_name, full_form, created_at, updated_at) VALUES (78, 'OTS', 'ORDINANCE TRANSFER SUITS', NULL, NULL);
INSERT INTO public.hc_case_types (id, type_name, full_form, created_at, updated_at) VALUES (79, 'PLA', 'APPL.FOR PROBATE & LETTERS OF ADMINISTRATION', NULL, NULL);
INSERT INTO public.hc_case_types (id, type_name, full_form, created_at, updated_at) VALUES (80, 'PLR', 'UND.CHPT.XXXI-A OF O.S. RULES', NULL, NULL);
INSERT INTO public.hc_case_types (id, type_name, full_form, created_at, updated_at) VALUES (81, 'PMS', 'PARSI MATRIMONIAL SUITS', NULL, NULL);
INSERT INTO public.hc_case_types (id, type_name, full_form, created_at, updated_at) VALUES (82, 'REF', 'REFERENCE CASE', NULL, NULL);
INSERT INTO public.hc_case_types (id, type_name, full_form, created_at, updated_at) VALUES (83, 'RVWO', 'MEMORANDUM OF REVIEWS', NULL, NULL);
INSERT INTO public.hc_case_types (id, type_name, full_form, created_at, updated_at) VALUES (84, 'SALT', 'APPL.UND.SALT ACT', NULL, NULL);
INSERT INTO public.hc_case_types (id, type_name, full_form, created_at, updated_at) VALUES (85, 'SANA', 'SANCHAITA APPEAL', NULL, NULL);
INSERT INTO public.hc_case_types (id, type_name, full_form, created_at, updated_at) VALUES (86, 'SCO', 'SPECIAL CASE FOR OPINION OF COURT', NULL, NULL);
INSERT INTO public.hc_case_types (id, type_name, full_form, created_at, updated_at) VALUES (87, 'SESS', 'SESSIONS CASES', NULL, NULL);
INSERT INTO public.hc_case_types (id, type_name, full_form, created_at, updated_at) VALUES (88, 'SS', 'SPECIAL SUITS(SEC 20 OF THE ARBITRATION ACT, 1940', NULL, NULL);
INSERT INTO public.hc_case_types (id, type_name, full_form, created_at, updated_at) VALUES (89, 'T', 'TEMP A(1)', NULL, NULL);
INSERT INTO public.hc_case_types (id, type_name, full_form, created_at, updated_at) VALUES (90, 'TBCS', 'TRANSFERRED BANKING COMPANIES SUITS', NULL, NULL);
INSERT INTO public.hc_case_types (id, type_name, full_form, created_at, updated_at) VALUES (91, 'TCS', 'TRANSFERRED COMPANY SUITS', NULL, NULL);
INSERT INTO public.hc_case_types (id, type_name, full_form, created_at, updated_at) VALUES (92, 'TMA', 'TRADE MARK APPEAL', NULL, NULL);
INSERT INTO public.hc_case_types (id, type_name, full_form, created_at, updated_at) VALUES (93, 'TS', 'TESTAMENTERY SUITS', NULL, NULL);
INSERT INTO public.hc_case_types (id, type_name, full_form, created_at, updated_at) VALUES (94, 'TUA', 'TRADE UNION APPEAL', NULL, NULL);
INSERT INTO public.hc_case_types (id, type_name, full_form, created_at, updated_at) VALUES (95, 'WPO', 'WRIT PETITION', NULL, NULL);
INSERT INTO public.hc_case_types (id, type_name, full_form, created_at, updated_at) VALUES (96, 'WP.CT', 'WP(CENTRAL ADMIN TRIBUNAL)', NULL, NULL);
INSERT INTO public.hc_case_types (id, type_name, full_form, created_at, updated_at) VALUES (97, 'WP.ST', 'WP(STATE ADMIN TRIBUNAL)', NULL, NULL);
INSERT INTO public.hc_case_types (id, type_name, full_form, created_at, updated_at) VALUES (98, 'WP.TT', 'WP(WB TAX TRIBUNAL)', NULL, NULL);
INSERT INTO public.hc_case_types (id, type_name, full_form, created_at, updated_at) VALUES (99, 'WPCR', 'WRIT PETITION(CIVIL RULE)', NULL, NULL);


--
-- TOC entry 2492 (class 0 OID 448374)
-- Dependencies: 231
-- Data for Name: history_deleted_data; Type: TABLE DATA; Schema: public; Owner: -
--



--
-- TOC entry 2490 (class 0 OID 448363)
-- Dependencies: 229
-- Data for Name: history_updated_data; Type: TABLE DATA; Schema: public; Owner: -
--

INSERT INTO public.history_updated_data (id, table_name, updated_data, updated_time) VALUES (2, 'judicial_officers', '{"id":28,"registration_no":"123","jo_code":"WB123","officer_name":"Rupsa Bose","gender":"M","guardian_name":"Pradip Basu","gurdian_relation":"Father","date_of_birth":"1989-02-02","home_state_id":51,"home_district_id":36,"hometown":"Maniktala","present_address":"APC Road","permanent_address":"APC Road","religion_id":1,"category_id":1,"blood_group":"A+","identification_mark":"Mole In Right Face","aadhaar_no":"123456789012","pan_no":"5647239810","gpf_no":"145637","mobile_no_1":"8981475652","mobile_no_2":null,"email_id_1":"rupsa@gmail.com","email_id_2":null,"recruitment_batch_id":8,"date_of_joining":"2018-09-19","date_of_confirmation":"2018-09-19","date_of_retirement":"2040-05-01","created_at":null,"updated_at":null}', '2019-11-27 05:56:42');
INSERT INTO public.history_updated_data (id, table_name, updated_data, updated_time) VALUES (3, 'judicial_officer_postings', '{"id":30,"judicial_officer_id":31,"designation_id":3,"court_id":1,"other_station_name":null,"mode_id":1,"from_date":"2019-11-24","to_date":"2019-11-28","created_at":"2019-11-28 13:23:13","updated_at":"2019-11-28 13:23:13"}', '2019-11-27 07:59:09');


--
-- TOC entry 2500 (class 0 OID 448477)
-- Dependencies: 239
-- Data for Name: jo_legal_experiences; Type: TABLE DATA; Schema: public; Owner: -
--

INSERT INTO public.jo_legal_experiences (id, judicial_officer_id, subdivision_id, from_year, to_year, created_at, updated_at) VALUES (1, 32, 68, 2018, 2019, '2019-11-28 18:00:56', '2019-11-28 18:00:56');
INSERT INTO public.jo_legal_experiences (id, judicial_officer_id, subdivision_id, from_year, to_year, created_at, updated_at) VALUES (2, 32, 57, 2016, 2018, '2019-11-28 18:00:56', '2019-11-28 18:00:56');


--
-- TOC entry 2458 (class 0 OID 431324)
-- Dependencies: 197
-- Data for Name: jo_photos; Type: TABLE DATA; Schema: public; Owner: -
--



--
-- TOC entry 2496 (class 0 OID 448449)
-- Dependencies: 235
-- Data for Name: jo_reporting_reviewings; Type: TABLE DATA; Schema: public; Owner: -
--



--
-- TOC entry 2494 (class 0 OID 448421)
-- Dependencies: 233
-- Data for Name: jo_reportings; Type: TABLE DATA; Schema: public; Owner: -
--

INSERT INTO public.jo_reportings (id, judicial_officer_id, posting_id, reporting_officer_id, other_reporting_officer_name, other_reporting_officer_designation, created_at, updated_at) VALUES (1, 31, 29, 28, NULL, NULL, '2019-11-28 13:23:13', '2019-11-28 13:23:13');
INSERT INTO public.jo_reportings (id, judicial_officer_id, posting_id, reporting_officer_id, other_reporting_officer_name, other_reporting_officer_designation, created_at, updated_at) VALUES (2, 32, 31, 31, NULL, NULL, '2019-11-28 18:00:56', '2019-11-28 18:00:56');


--
-- TOC entry 2482 (class 0 OID 431576)
-- Dependencies: 221
-- Data for Name: jo_zone_tenures; Type: TABLE DATA; Schema: public; Owner: -
--

INSERT INTO public.jo_zone_tenures (id, judicial_officer_id, zone_id, from_date, to_date, created_at, updated_at) VALUES (15, 28, 8, '2019-01-08', NULL, NULL, NULL);
INSERT INTO public.jo_zone_tenures (id, judicial_officer_id, zone_id, from_date, to_date, created_at, updated_at) VALUES (14, 28, 7, '2018-09-19', '2018-11-27', NULL, '2019-11-27 11:34:59');
INSERT INTO public.jo_zone_tenures (id, judicial_officer_id, zone_id, from_date, to_date, created_at, updated_at) VALUES (17, 31, 8, '2019-11-24', NULL, NULL, NULL);
INSERT INTO public.jo_zone_tenures (id, judicial_officer_id, zone_id, from_date, to_date, created_at, updated_at) VALUES (16, 31, 7, '2019-11-12', '2019-11-22', NULL, '2019-11-28 13:23:13');
INSERT INTO public.jo_zone_tenures (id, judicial_officer_id, zone_id, from_date, to_date, created_at, updated_at) VALUES (18, 32, 7, '2019-11-01', NULL, NULL, NULL);


--
-- TOC entry 2466 (class 0 OID 431420)
-- Dependencies: 205
-- Data for Name: judicial_officer_posting_preferences; Type: TABLE DATA; Schema: public; Owner: -
--



--
-- TOC entry 2464 (class 0 OID 431390)
-- Dependencies: 203
-- Data for Name: judicial_officer_postings; Type: TABLE DATA; Schema: public; Owner: -
--

INSERT INTO public.judicial_officer_postings (id, judicial_officer_id, designation_id, court_id, other_station_name, mode_id, from_date, to_date, created_at, updated_at) VALUES (25, 28, 1, 71, NULL, 1, '2018-09-19', '2019-01-02', '2019-11-27 11:34:59', '2019-11-27 11:34:59');
INSERT INTO public.judicial_officer_postings (id, judicial_officer_id, designation_id, court_id, other_station_name, mode_id, from_date, to_date, created_at, updated_at) VALUES (26, 28, 3, 1, NULL, 1, '2019-01-08', '2019-11-27', '2019-11-27 11:34:59', '2019-11-27 11:34:59');
INSERT INTO public.judicial_officer_postings (id, judicial_officer_id, designation_id, court_id, other_station_name, mode_id, from_date, to_date, created_at, updated_at) VALUES (29, 31, 1, 71, NULL, 1, '2019-11-12', '2019-11-22', '2019-11-28 13:23:13', '2019-11-28 13:23:13');
INSERT INTO public.judicial_officer_postings (id, judicial_officer_id, designation_id, court_id, other_station_name, mode_id, from_date, to_date, created_at, updated_at) VALUES (30, 31, 3, 1, NULL, 1, '2019-11-24', '2019-11-28', '2019-11-28 13:23:13', '2019-11-28 13:23:13');
INSERT INTO public.judicial_officer_postings (id, judicial_officer_id, designation_id, court_id, other_station_name, mode_id, from_date, to_date, created_at, updated_at) VALUES (31, 32, 1, 71, NULL, 1, '2019-11-01', NULL, '2019-11-28 18:00:56', '2019-11-28 18:00:56');


--
-- TOC entry 2460 (class 0 OID 431340)
-- Dependencies: 199
-- Data for Name: judicial_officer_qualifications; Type: TABLE DATA; Schema: public; Owner: -
--

INSERT INTO public.judicial_officer_qualifications (id, judicial_officer_id, qualification_id, passing_year, created_at, updated_at) VALUES (36, 28, 8, 2019, '2019-11-27 11:34:59', '2019-11-27 11:34:59');
INSERT INTO public.judicial_officer_qualifications (id, judicial_officer_id, qualification_id, passing_year, created_at, updated_at) VALUES (41, 31, 5, 2017, '2019-11-28 13:23:13', '2019-11-28 13:23:13');
INSERT INTO public.judicial_officer_qualifications (id, judicial_officer_id, qualification_id, passing_year, created_at, updated_at) VALUES (42, 31, 7, 2019, '2019-11-28 13:23:13', '2019-11-28 13:23:13');
INSERT INTO public.judicial_officer_qualifications (id, judicial_officer_id, qualification_id, passing_year, created_at, updated_at) VALUES (43, 32, 8, 2019, '2019-11-28 18:00:56', '2019-11-28 18:00:56');


--
-- TOC entry 2456 (class 0 OID 431270)
-- Dependencies: 195
-- Data for Name: judicial_officers; Type: TABLE DATA; Schema: public; Owner: -
--

INSERT INTO public.judicial_officers (id, registration_no, jo_code, officer_name, gender, guardian_name, gurdian_relation, date_of_birth, home_state_id, home_district_id, hometown, present_address, permanent_address, religion_id, category_id, blood_group, identification_mark, aadhaar_no, pan_no, gpf_no, mobile_no_1, mobile_no_2, email_id_1, email_id_2, recruitment_batch_id, date_of_joining, date_of_confirmation, date_of_retirement, created_at, updated_at) VALUES (28, '123', 'WB123', 'Rupsa Bose', 'M', 'Pradip Basu', 'Father', '1989-02-02', 51, 36, 'Maniktala', 'APC Road', 'APC Road', 1, 1, 'A+', 'Mole In Right Face', '123456789012', '5647239810', '145637', '8981475652', NULL, 'rupsa@gmail.com', NULL, 8, '2018-09-19', '2018-09-19', '2040-05-01', NULL, NULL);
INSERT INTO public.judicial_officers (id, registration_no, jo_code, officer_name, gender, guardian_name, gurdian_relation, date_of_birth, home_state_id, home_district_id, hometown, present_address, permanent_address, religion_id, category_id, blood_group, identification_mark, aadhaar_no, pan_no, gpf_no, mobile_no_1, mobile_no_2, email_id_1, email_id_2, recruitment_batch_id, date_of_joining, date_of_confirmation, date_of_retirement, created_at, updated_at) VALUES (31, '164', 'WB164', 'Arpan Kr Roy', 'M', 'Demo Guardian', 'Father', '2019-11-01', 51, 36, 'Belghoria', '21/2/1, B.N.Ghosal Road
Rajani Apartment, Flat-3
Belghoria', '21/2/1, B.N.Ghosal Road
Rajani Apartment, Flat-3
Belghoria', 1, 1, 'A+', '', NULL, NULL, NULL, '5897452321', NULL, 'arpan@gmail.com', NULL, 1, '2019-11-02', '2019-11-03', '2019-11-04', NULL, NULL);
INSERT INTO public.judicial_officers (id, registration_no, jo_code, officer_name, gender, guardian_name, gurdian_relation, date_of_birth, home_state_id, home_district_id, hometown, present_address, permanent_address, religion_id, category_id, blood_group, identification_mark, aadhaar_no, pan_no, gpf_no, mobile_no_1, mobile_no_2, email_id_1, email_id_2, recruitment_batch_id, date_of_joining, date_of_confirmation, date_of_retirement, created_at, updated_at) VALUES (32, '2912', 'WB2912', 'Anabil Bhattacharya', 'M', 'Bimalendu Bhattacharya', 'Father', '1990-12-29', 51, 36, 'Belghoria', '21/2/1, B.N.Ghosal Road
Rajani Apartment, Flat-3
Belghoria', '21/2/1, B.N.Ghosal Road
Rajani Apartment, Flat-3
Belghoria', 1, 1, 'B-', 'Nothing', '123456789123', 'ABC1234569', NULL, '8981660217', '9038202731', 'banabil90@gmail.com', 'abcde@gmail.com', 1, '2019-09-19', '2019-09-19', '2040-12-29', NULL, NULL);


--
-- TOC entry 2488 (class 0 OID 448118)
-- Dependencies: 227
-- Data for Name: lcr_hc_ends; Type: TABLE DATA; Schema: public; Owner: -
--

INSERT INTO public.lcr_hc_ends (id, district, subdivision, court, hc_case_record, hc_case_no, hc_case_year, deadline, memo_no, status_flag, memo_date, forwarding_court, created_by, created_at, updated_at) VALUES (9, 10, 118, 3, 72, 258, 1999, '2019-12-19', '546G', 'forward', '2019-11-26', 71, 30, '2019-11-26 00:00:00', '2019-11-28 00:00:00');
INSERT INTO public.lcr_hc_ends (id, district, subdivision, court, hc_case_record, hc_case_no, hc_case_year, deadline, memo_no, status_flag, memo_date, forwarding_court, created_by, created_at, updated_at) VALUES (7, 25, 75, 3, 1, 111, 2000, '2019-11-29', '7676FMA', 'comply', '2019-11-26', 60, 30, '2019-11-26 00:00:00', '2019-11-28 00:00:00');
INSERT INTO public.lcr_hc_ends (id, district, subdivision, court, hc_case_record, hc_case_no, hc_case_year, deadline, memo_no, status_flag, memo_date, forwarding_court, created_by, created_at, updated_at) VALUES (8, 25, 77, 3, 95, 321, 2001, '2020-01-31', '3232FA', 'comply', '2019-11-26', NULL, 30, '2019-11-26 00:00:00', '2019-11-28 00:00:00');


--
-- TOC entry 2470 (class 0 OID 431485)
-- Dependencies: 209
-- Data for Name: lcr_lc_details; Type: TABLE DATA; Schema: public; Owner: -
--

INSERT INTO public.lcr_lc_details (id, hc_id, lower_case_record, lower_case_no, lower_case_year, compliance_flag, created_by, created_at, updated_at) VALUES (29, 7, '52', 888, 2001, NULL, 30, '2019-11-26 00:00:00', '2019-11-26 00:00:00');
INSERT INTO public.lcr_lc_details (id, hc_id, lower_case_record, lower_case_no, lower_case_year, compliance_flag, created_by, created_at, updated_at) VALUES (30, 8, '52', 432, 2002, NULL, 30, '2019-11-26 00:00:00', '2019-11-26 00:00:00');
INSERT INTO public.lcr_lc_details (id, hc_id, lower_case_record, lower_case_no, lower_case_year, compliance_flag, created_by, created_at, updated_at) VALUES (31, 8, '10', 1234, 2003, NULL, 30, '2019-11-26 00:00:00', '2019-11-26 00:00:00');
INSERT INTO public.lcr_lc_details (id, hc_id, lower_case_record, lower_case_no, lower_case_year, compliance_flag, created_by, created_at, updated_at) VALUES (32, 9, '17', 879, 2001, NULL, 30, '2019-11-26 00:00:00', '2019-11-26 00:00:00');
INSERT INTO public.lcr_lc_details (id, hc_id, lower_case_record, lower_case_no, lower_case_year, compliance_flag, created_by, created_at, updated_at) VALUES (33, 9, '44', 6554, 2005, NULL, 30, '2019-11-26 00:00:00', '2019-11-26 00:00:00');


--
-- TOC entry 2486 (class 0 OID 431632)
-- Dependencies: 225
-- Data for Name: lcr_status_checks; Type: TABLE DATA; Schema: public; Owner: -
--



--
-- TOC entry 2474 (class 0 OID 431516)
-- Dependencies: 213
-- Data for Name: lower_case_types; Type: TABLE DATA; Schema: public; Owner: -
--

INSERT INTO public.lower_case_types (id, type_name, created_at, updated_at) VALUES (52, 'Act 39', NULL, NULL);
INSERT INTO public.lower_case_types (id, type_name, created_at, updated_at) VALUES (1, 'Act Viii Miscellaneous Case', NULL, NULL);
INSERT INTO public.lower_case_types (id, type_name, created_at, updated_at) VALUES (51, 'Act Xiv', NULL, NULL);
INSERT INTO public.lower_case_types (id, type_name, created_at, updated_at) VALUES (58, 'Bail', NULL, NULL);
INSERT INTO public.lower_case_types (id, type_name, created_at, updated_at) VALUES (59, 'CEX - Excise Case', NULL, NULL);
INSERT INTO public.lower_case_types (id, type_name, created_at, updated_at) VALUES (3, 'Civil Appeal', NULL, NULL);
INSERT INTO public.lower_case_types (id, type_name, created_at, updated_at) VALUES (4, 'Civil Execution', NULL, NULL);
INSERT INTO public.lower_case_types (id, type_name, created_at, updated_at) VALUES (5, 'Civil Misc', NULL, NULL);
INSERT INTO public.lower_case_types (id, type_name, created_at, updated_at) VALUES (6, 'Civil Revision', NULL, NULL);
INSERT INTO public.lower_case_types (id, type_name, created_at, updated_at) VALUES (7, 'Complaint Case', NULL, NULL);
INSERT INTO public.lower_case_types (id, type_name, created_at, updated_at) VALUES (55, 'C R Case', NULL, NULL);
INSERT INTO public.lower_case_types (id, type_name, created_at, updated_at) VALUES (8, 'Criminal Appeal', NULL, NULL);
INSERT INTO public.lower_case_types (id, type_name, created_at, updated_at) VALUES (9, 'Criminal Case', NULL, NULL);
INSERT INTO public.lower_case_types (id, type_name, created_at, updated_at) VALUES (11, 'Criminal Misc Case', NULL, NULL);
INSERT INTO public.lower_case_types (id, type_name, created_at, updated_at) VALUES (12, 'Criminal Revision', NULL, NULL);
INSERT INTO public.lower_case_types (id, type_name, created_at, updated_at) VALUES (10, 'Crl. Execution - Criminal Execution', NULL, NULL);
INSERT INTO public.lower_case_types (id, type_name, created_at, updated_at) VALUES (23, 'Divorce On Mutual Consent - Matri Suit Divorce Mutual Cons', NULL, NULL);
INSERT INTO public.lower_case_types (id, type_name, created_at, updated_at) VALUES (13, 'Electricity Act', NULL, NULL);
INSERT INTO public.lower_case_types (id, type_name, created_at, updated_at) VALUES (14, 'Estate Acquisition Appeal', NULL, NULL);
INSERT INTO public.lower_case_types (id, type_name, created_at, updated_at) VALUES (16, 'Gr Case', NULL, NULL);
INSERT INTO public.lower_case_types (id, type_name, created_at, updated_at) VALUES (17, 'Hindu Adapt. and Maint Act - Hindu Adapt. and Maint Case', NULL, NULL);
INSERT INTO public.lower_case_types (id, type_name, created_at, updated_at) VALUES (18, 'Insolvancy Petition', NULL, NULL);
INSERT INTO public.lower_case_types (id, type_name, created_at, updated_at) VALUES (19, 'L A C - Land Acquisition Cases', NULL, NULL);
INSERT INTO public.lower_case_types (id, type_name, created_at, updated_at) VALUES (20, 'L A Ex. - Land Acquisition Execution', NULL, NULL);
INSERT INTO public.lower_case_types (id, type_name, created_at, updated_at) VALUES (53, 'L A Suit', NULL, NULL);
INSERT INTO public.lower_case_types (id, type_name, created_at, updated_at) VALUES (21, 'M A C C - M.A.C.C', NULL, NULL);
INSERT INTO public.lower_case_types (id, type_name, created_at, updated_at) VALUES (22, 'M A C C Ex. - MACC Execution', NULL, NULL);
INSERT INTO public.lower_case_types (id, type_name, created_at, updated_at) VALUES (36, 'Maintenance Case - MR case for Maintenance', NULL, NULL);
INSERT INTO public.lower_case_types (id, type_name, created_at, updated_at) VALUES (24, 'Matrimonial Suit', NULL, NULL);
INSERT INTO public.lower_case_types (id, type_name, created_at, updated_at) VALUES (25, 'Mc - Misc Case', NULL, NULL);
INSERT INTO public.lower_case_types (id, type_name, created_at, updated_at) VALUES (54, 'M C Case', NULL, NULL);
INSERT INTO public.lower_case_types (id, type_name, created_at, updated_at) VALUES (29, 'Misc. Appeal', NULL, NULL);
INSERT INTO public.lower_case_types (id, type_name, created_at, updated_at) VALUES (26, 'Misc Case (pre-emption)', NULL, NULL);
INSERT INTO public.lower_case_types (id, type_name, created_at, updated_at) VALUES (30, 'Misc. Criminal Revision', NULL, NULL);
INSERT INTO public.lower_case_types (id, type_name, created_at, updated_at) VALUES (27, 'Misc Crl Case - Misc Criminal Case', NULL, NULL);
INSERT INTO public.lower_case_types (id, type_name, created_at, updated_at) VALUES (31, 'Misc. Execution Case', NULL, NULL);
INSERT INTO public.lower_case_types (id, type_name, created_at, updated_at) VALUES (57, 'Misc Petition (156) - Misc Petition', NULL, NULL);
INSERT INTO public.lower_case_types (id, type_name, created_at, updated_at) VALUES (28, 'Mjc - Misc Judicial Case', NULL, NULL);
INSERT INTO public.lower_case_types (id, type_name, created_at, updated_at) VALUES (32, 'Money Appeal', NULL, NULL);
INSERT INTO public.lower_case_types (id, type_name, created_at, updated_at) VALUES (33, 'Money Execution', NULL, NULL);
INSERT INTO public.lower_case_types (id, type_name, created_at, updated_at) VALUES (34, 'Money Suit', NULL, NULL);
INSERT INTO public.lower_case_types (id, type_name, created_at, updated_at) VALUES (35, 'M V Act - Motor Vehicle Case', NULL, NULL);
INSERT INTO public.lower_case_types (id, type_name, created_at, updated_at) VALUES (37, 'N D P S Case - NDPS Case', NULL, NULL);
INSERT INTO public.lower_case_types (id, type_name, created_at, updated_at) VALUES (38, 'NGR Case', NULL, NULL);
INSERT INTO public.lower_case_types (id, type_name, created_at, updated_at) VALUES (39, 'Other Appeal', NULL, NULL);
INSERT INTO public.lower_case_types (id, type_name, created_at, updated_at) VALUES (40, 'Other Suit', NULL, NULL);
INSERT INTO public.lower_case_types (id, type_name, created_at, updated_at) VALUES (41, 'Probate Suit', NULL, NULL);
INSERT INTO public.lower_case_types (id, type_name, created_at, updated_at) VALUES (15, 'S C C Ex. - Execution', NULL, NULL);
INSERT INTO public.lower_case_types (id, type_name, created_at, updated_at) VALUES (42, 'S C C Suit - SCC SUIT', NULL, NULL);
INSERT INTO public.lower_case_types (id, type_name, created_at, updated_at) VALUES (43, 'Sessions Case', NULL, NULL);
INSERT INTO public.lower_case_types (id, type_name, created_at, updated_at) VALUES (44, 'Sessions Trial', NULL, NULL);
INSERT INTO public.lower_case_types (id, type_name, created_at, updated_at) VALUES (45, 'Special Court Cases', NULL, NULL);
INSERT INTO public.lower_case_types (id, type_name, created_at, updated_at) VALUES (46, 'Succession Case', NULL, NULL);
INSERT INTO public.lower_case_types (id, type_name, created_at, updated_at) VALUES (47, 'Title Appeal', NULL, NULL);
INSERT INTO public.lower_case_types (id, type_name, created_at, updated_at) VALUES (48, 'Title Execution', NULL, NULL);
INSERT INTO public.lower_case_types (id, type_name, created_at, updated_at) VALUES (49, 'Title Suit', NULL, NULL);
INSERT INTO public.lower_case_types (id, type_name, created_at, updated_at) VALUES (50, 'Trust Suit', NULL, NULL);


--
-- TOC entry 2431 (class 0 OID 431127)
-- Dependencies: 170
-- Data for Name: migrations; Type: TABLE DATA; Schema: public; Owner: -
--

INSERT INTO public.migrations (id, migration, batch) VALUES (1, '2014_10_10_000000_create_user_types_table', 1);
INSERT INTO public.migrations (id, migration, batch) VALUES (2, '2014_10_12_100000_create_password_resets_table', 1);
INSERT INTO public.migrations (id, migration, batch) VALUES (3, '2019_06_12_000005_create_states_table', 1);
INSERT INTO public.migrations (id, migration, batch) VALUES (4, '2019_06_12_000010_create_zones_table', 1);
INSERT INTO public.migrations (id, migration, batch) VALUES (5, '2019_06_12_000020_create_districts_table', 1);
INSERT INTO public.migrations (id, migration, batch) VALUES (6, '2019_06_12_000025_create_subdivisions_table', 1);
INSERT INTO public.migrations (id, migration, batch) VALUES (7, '2019_06_12_000040_create_courts_table', 1);
INSERT INTO public.migrations (id, migration, batch) VALUES (8, '2019_06_12_000050_create_qualifications_table', 1);
INSERT INTO public.migrations (id, migration, batch) VALUES (9, '2019_06_12_000060_create_categories_table', 1);
INSERT INTO public.migrations (id, migration, batch) VALUES (10, '2019_06_12_000070_create_designations_table', 1);
INSERT INTO public.migrations (id, migration, batch) VALUES (11, '2019_06_12_000080_create_religions_table', 1);
INSERT INTO public.migrations (id, migration, batch) VALUES (12, '2019_06_12_000090_create_recruitment_batches_table', 1);
INSERT INTO public.migrations (id, migration, batch) VALUES (13, '2019_06_12_000100_create_judicial_officers_table', 1);
INSERT INTO public.migrations (id, migration, batch) VALUES (14, '2019_06_12_000110_create_jo_photos_table', 1);
INSERT INTO public.migrations (id, migration, batch) VALUES (15, '2019_06_13_091801_create_judicial_officer_qualifications_table', 1);
INSERT INTO public.migrations (id, migration, batch) VALUES (17, '2019_06_13_093750_create_modes_table', 1);
INSERT INTO public.migrations (id, migration, batch) VALUES (18, '2019_06_13_093852_create_judicial_officer_postings_table', 1);
INSERT INTO public.migrations (id, migration, batch) VALUES (19, '2019_06_13_101842_create_judicial_officer_posting_preferences_table', 1);
INSERT INTO public.migrations (id, migration, batch) VALUES (20, '2019_07_22_064308_create_diaries_table', 1);
INSERT INTO public.migrations (id, migration, batch) VALUES (22, '2019_08_13_091810_create_lcr_lc_details_table', 1);
INSERT INTO public.migrations (id, migration, batch) VALUES (23, '2019_08_13_101720_create_hc_case_types_table', 1);
INSERT INTO public.migrations (id, migration, batch) VALUES (24, '2019_08_13_102950_create_lower_case_types_table', 1);
INSERT INTO public.migrations (id, migration, batch) VALUES (25, '2019_09_24_102032_create_grade_details_table', 1);
INSERT INTO public.migrations (id, migration, batch) VALUES (26, '2019_09_24_102258_create_acr_histories_table', 1);
INSERT INTO public.migrations (id, migration, batch) VALUES (27, '2019_11_11_170427_create_zone_subdivisions_table', 1);
INSERT INTO public.migrations (id, migration, batch) VALUES (28, '2019_11_14_163154_create_jo_zone_tenures_table', 1);
INSERT INTO public.migrations (id, migration, batch) VALUES (29, '2019_11_14_163155_create_users_table', 1);
INSERT INTO public.migrations (id, migration, batch) VALUES (30, '2019_11_21_113129_create_lcr_status_checks_table', 1);
INSERT INTO public.migrations (id, migration, batch) VALUES (34, '2019_08_13_091522_create_lcr_hc_ends_table', 2);
INSERT INTO public.migrations (id, migration, batch) VALUES (40, '2019_11_27_153252_create_history_updated_deleted_table', 3);
INSERT INTO public.migrations (id, migration, batch) VALUES (41, '2019_11_27_153905_create_update_delete_procedure', 3);
INSERT INTO public.migrations (id, migration, batch) VALUES (42, '2019_11_27_154543_create_update_delete_trigger', 3);
INSERT INTO public.migrations (id, migration, batch) VALUES (44, '2019_06_13_092954_create_jo_reportings_table', 4);
INSERT INTO public.migrations (id, migration, batch) VALUES (45, '2019_06_13_092954_create_jo_reporting_reviewings_table', 5);
INSERT INTO public.migrations (id, migration, batch) VALUES (46, '2019_11_28_121009_create_departments_table', 5);
INSERT INTO public.migrations (id, migration, batch) VALUES (47, '2019_11_28_162816_create_jo_legal_experiences_table', 6);


--
-- TOC entry 2462 (class 0 OID 431380)
-- Dependencies: 201
-- Data for Name: modes; Type: TABLE DATA; Schema: public; Owner: -
--

INSERT INTO public.modes (id, posting_mode, created_by, created_at, updated_at) VALUES (1, 'Permanent', 11, '2019-11-26 11:33:19', '2019-11-26 11:33:19');
INSERT INTO public.modes (id, posting_mode, created_by, created_at, updated_at) VALUES (2, 'Deputation', 11, '2019-11-26 11:33:26', '2019-11-26 11:33:26');


--
-- TOC entry 2434 (class 0 OID 431141)
-- Dependencies: 173
-- Data for Name: password_resets; Type: TABLE DATA; Schema: public; Owner: -
--



--
-- TOC entry 2446 (class 0 OID 431220)
-- Dependencies: 185
-- Data for Name: qualifications; Type: TABLE DATA; Schema: public; Owner: -
--

INSERT INTO public.qualifications (id, qualification_name, created_by, created_at, updated_at) VALUES (5, 'bcom', 11, '2019-06-25 07:18:30', '2019-06-25 07:18:30');
INSERT INTO public.qualifications (id, qualification_name, created_by, created_at, updated_at) VALUES (7, 'ma llb', 11, '2019-06-25 07:18:47', '2019-06-25 07:18:47');
INSERT INTO public.qualifications (id, qualification_name, created_by, created_at, updated_at) VALUES (8, 'ba llb', 11, '2019-06-28 09:50:19', '2019-07-01 10:14:25');
INSERT INTO public.qualifications (id, qualification_name, created_by, created_at, updated_at) VALUES (10, 'm.sc', 11, '2019-07-01 11:25:58', '2019-07-01 11:27:09');


--
-- TOC entry 2454 (class 0 OID 431260)
-- Dependencies: 193
-- Data for Name: recruitment_batches; Type: TABLE DATA; Schema: public; Owner: -
--

INSERT INTO public.recruitment_batches (id, recruitment_batch_desc, batch_year, created_by, created_at, updated_at) VALUES (5, 'psc 2011', 2011, 11, '2019-06-26 11:49:37', '2019-06-26 11:49:37');
INSERT INTO public.recruitment_batches (id, recruitment_batch_desc, batch_year, created_by, created_at, updated_at) VALUES (8, 'clat 2011', 2003, 11, '2019-06-26 11:55:19', '2019-06-26 11:57:00');
INSERT INTO public.recruitment_batches (id, recruitment_batch_desc, batch_year, created_by, created_at, updated_at) VALUES (1, 'psc 2000', 2000, 11, NULL, '2019-06-29 08:58:19');


--
-- TOC entry 2452 (class 0 OID 431250)
-- Dependencies: 191
-- Data for Name: religions; Type: TABLE DATA; Schema: public; Owner: -
--

INSERT INTO public.religions (id, religion_name, created_by, created_at, updated_at) VALUES (1, 'hindu', 11, NULL, NULL);
INSERT INTO public.religions (id, religion_name, created_by, created_at, updated_at) VALUES (2, 'muslim', 11, '2019-07-02 11:23:49', '2019-07-02 11:24:02');


--
-- TOC entry 2436 (class 0 OID 431150)
-- Dependencies: 175
-- Data for Name: states; Type: TABLE DATA; Schema: public; Owner: -
--

INSERT INTO public.states (id, state_name, created_by, created_at, updated_at) VALUES (2, 'illinois', 11, '2019-06-17 06:27:04', '2019-06-17 06:27:04');
INSERT INTO public.states (id, state_name, created_by, created_at, updated_at) VALUES (3, 'montana', 11, '2019-06-17 06:27:04', '2019-06-17 06:27:04');
INSERT INTO public.states (id, state_name, created_by, created_at, updated_at) VALUES (4, 'new york', 11, '2019-06-17 06:27:04', '2019-06-17 06:27:04');
INSERT INTO public.states (id, state_name, created_by, created_at, updated_at) VALUES (5, 'north dakota', 11, '2019-06-17 06:27:04', '2019-06-17 06:27:04');
INSERT INTO public.states (id, state_name, created_by, created_at, updated_at) VALUES (6, 'maryland', 11, '2019-06-17 06:27:05', '2019-06-17 06:27:05');
INSERT INTO public.states (id, state_name, created_by, created_at, updated_at) VALUES (8, 'wyoming', 11, '2019-06-17 06:27:05', '2019-06-17 06:27:05');
INSERT INTO public.states (id, state_name, created_by, created_at, updated_at) VALUES (9, 'new jersey', 11, '2019-06-17 06:27:05', '2019-06-17 06:27:05');
INSERT INTO public.states (id, state_name, created_by, created_at, updated_at) VALUES (10, 'nevada', 11, '2019-06-17 06:27:05', '2019-06-17 06:27:05');
INSERT INTO public.states (id, state_name, created_by, created_at, updated_at) VALUES (12, 'oklahoma', 11, '2019-06-17 06:27:05', '2019-06-17 06:27:05');
INSERT INTO public.states (id, state_name, created_by, created_at, updated_at) VALUES (13, 'north carolina', 11, '2019-06-17 06:27:05', '2019-06-17 06:27:05');
INSERT INTO public.states (id, state_name, created_by, created_at, updated_at) VALUES (15, 'kansas', 11, '2019-06-17 06:27:05', '2019-06-17 06:27:05');
INSERT INTO public.states (id, state_name, created_by, created_at, updated_at) VALUES (16, 'pennsylvania', 11, '2019-06-17 06:27:05', '2019-06-17 06:27:05');
INSERT INTO public.states (id, state_name, created_by, created_at, updated_at) VALUES (18, 'nebraska', 11, '2019-06-17 06:27:05', '2019-06-17 06:27:05');
INSERT INTO public.states (id, state_name, created_by, created_at, updated_at) VALUES (19, 'utah', 11, '2019-06-17 06:27:05', '2019-06-17 06:27:05');
INSERT INTO public.states (id, state_name, created_by, created_at, updated_at) VALUES (20, 'texas', 11, '2019-06-17 06:27:05', '2019-06-17 06:27:05');
INSERT INTO public.states (id, state_name, created_by, created_at, updated_at) VALUES (21, 'washington', 11, '2019-06-17 06:27:05', '2019-06-17 06:27:05');
INSERT INTO public.states (id, state_name, created_by, created_at, updated_at) VALUES (22, 'missouri', 11, '2019-06-17 06:27:05', '2019-06-17 06:27:05');
INSERT INTO public.states (id, state_name, created_by, created_at, updated_at) VALUES (23, 'wisconsin', 11, '2019-06-17 06:27:05', '2019-06-17 06:27:05');
INSERT INTO public.states (id, state_name, created_by, created_at, updated_at) VALUES (24, 'west virginia', 11, '2019-06-17 06:27:05', '2019-06-17 06:27:05');
INSERT INTO public.states (id, state_name, created_by, created_at, updated_at) VALUES (26, 'louisiana', 11, '2019-06-17 06:27:05', '2019-06-17 06:27:05');
INSERT INTO public.states (id, state_name, created_by, created_at, updated_at) VALUES (27, 'south dakota', 11, '2019-06-17 06:27:05', '2019-06-17 06:27:05');
INSERT INTO public.states (id, state_name, created_by, created_at, updated_at) VALUES (29, 'maine', 11, '2019-06-17 06:27:05', '2019-06-17 06:27:05');
INSERT INTO public.states (id, state_name, created_by, created_at, updated_at) VALUES (30, 'hawaii', 11, '2019-06-17 06:27:05', '2019-06-17 06:27:05');
INSERT INTO public.states (id, state_name, created_by, created_at, updated_at) VALUES (32, 'virginia', 11, '2019-06-17 06:27:06', '2019-06-17 06:27:06');
INSERT INTO public.states (id, state_name, created_by, created_at, updated_at) VALUES (34, 'tennessee', 11, '2019-06-17 06:27:06', '2019-06-17 06:27:06');
INSERT INTO public.states (id, state_name, created_by, created_at, updated_at) VALUES (35, 'new mexico', 11, '2019-06-17 06:27:06', '2019-06-17 06:27:06');
INSERT INTO public.states (id, state_name, created_by, created_at, updated_at) VALUES (36, 'indiana', 11, '2019-06-17 06:27:06', '2019-06-17 06:27:06');
INSERT INTO public.states (id, state_name, created_by, created_at, updated_at) VALUES (37, 'oregon', 11, '2019-06-17 06:27:06', '2019-06-17 06:27:06');
INSERT INTO public.states (id, state_name, created_by, created_at, updated_at) VALUES (38, 'kentucky', 11, '2019-06-17 06:27:06', '2019-06-17 06:27:06');
INSERT INTO public.states (id, state_name, created_by, created_at, updated_at) VALUES (39, 'ohio', 11, '2019-06-17 06:27:06', '2019-06-17 06:27:06');
INSERT INTO public.states (id, state_name, created_by, created_at, updated_at) VALUES (40, 'vermont', 11, '2019-06-17 06:27:06', '2019-06-17 06:27:06');
INSERT INTO public.states (id, state_name, created_by, created_at, updated_at) VALUES (43, 'michigan', 11, '2019-06-17 06:27:06', '2019-06-17 06:27:06');
INSERT INTO public.states (id, state_name, created_by, created_at, updated_at) VALUES (45, 'new hampshire', 11, '2019-06-17 06:27:06', '2019-06-17 06:27:06');
INSERT INTO public.states (id, state_name, created_by, created_at, updated_at) VALUES (47, 'iowa', 11, '2019-06-17 06:27:06', '2019-06-17 06:27:06');
INSERT INTO public.states (id, state_name, created_by, created_at, updated_at) VALUES (48, 'massachusetts', 11, '2019-06-17 06:27:06', '2019-06-17 06:27:06');
INSERT INTO public.states (id, state_name, created_by, created_at, updated_at) VALUES (49, 'mississippi', 11, '2019-06-17 06:27:06', '2019-06-17 06:27:06');
INSERT INTO public.states (id, state_name, created_by, created_at, updated_at) VALUES (50, 'minnesota', 11, '2019-06-17 06:27:06', '2019-06-17 06:27:06');
INSERT INTO public.states (id, state_name, created_by, created_at, updated_at) VALUES (51, 'west bengal', 11, '2019-06-18 10:06:22', '2019-06-18 10:06:22');
INSERT INTO public.states (id, state_name, created_by, created_at, updated_at) VALUES (52, 'bihar', 11, '2019-06-18 10:10:49', '2019-06-18 10:10:49');
INSERT INTO public.states (id, state_name, created_by, created_at, updated_at) VALUES (7, 'odisha', 11, '2019-06-17 06:27:05', '2019-08-05 05:57:55');
INSERT INTO public.states (id, state_name, created_by, created_at, updated_at) VALUES (31, 'andhra pradesh', 11, '2019-06-17 06:27:06', '2019-08-05 05:59:14');
INSERT INTO public.states (id, state_name, created_by, created_at, updated_at) VALUES (68, 'himachal pradesh', 11, '2019-08-05 06:03:19', '2019-08-05 06:03:19');
INSERT INTO public.states (id, state_name, created_by, created_at, updated_at) VALUES (69, 'madhya pradesh', 11, '2019-08-05 06:03:30', '2019-08-05 06:03:30');
INSERT INTO public.states (id, state_name, created_by, created_at, updated_at) VALUES (11, 'maharastra', 11, '2019-06-17 06:27:05', '2019-08-05 06:03:46');
INSERT INTO public.states (id, state_name, created_by, created_at, updated_at) VALUES (28, 'kerala', 11, '2019-06-17 06:27:05', '2019-08-05 06:04:55');
INSERT INTO public.states (id, state_name, created_by, created_at, updated_at) VALUES (1, 'rajasthan', 11, '2019-06-17 06:27:04', '2019-08-05 06:05:07');
INSERT INTO public.states (id, state_name, created_by, created_at, updated_at) VALUES (46, 'tamilnadu', 11, '2019-06-17 06:27:06', '2019-08-05 06:07:52');
INSERT INTO public.states (id, state_name, created_by, created_at, updated_at) VALUES (25, 'karntaka', 11, '2019-06-17 06:27:05', '2019-08-05 06:16:44');
INSERT INTO public.states (id, state_name, created_by, created_at, updated_at) VALUES (44, 'hyderabad', 11, '2019-06-17 06:27:06', '2019-08-05 06:17:30');
INSERT INTO public.states (id, state_name, created_by, created_at, updated_at) VALUES (42, 'jammu and kahmir', 11, '2019-06-17 06:27:06', '2019-08-05 06:17:59');
INSERT INTO public.states (id, state_name, created_by, created_at, updated_at) VALUES (70, 'punjab', 11, '2019-08-05 06:18:05', '2019-08-05 06:18:05');
INSERT INTO public.states (id, state_name, created_by, created_at, updated_at) VALUES (71, 'hariyana', 11, '2019-08-05 06:18:12', '2019-08-05 06:18:12');
INSERT INTO public.states (id, state_name, created_by, created_at, updated_at) VALUES (72, 'jharkhand', 11, '2019-08-05 06:18:28', '2019-08-05 06:18:28');
INSERT INTO public.states (id, state_name, created_by, created_at, updated_at) VALUES (73, 'chattishgarh', 11, '2019-08-05 06:18:43', '2019-08-05 06:18:43');
INSERT INTO public.states (id, state_name, created_by, created_at, updated_at) VALUES (75, 'andaman and nicobar island', 11, '2019-11-11 14:04:17', '2019-11-11 14:04:17');
INSERT INTO public.states (id, state_name, created_by, created_at, updated_at) VALUES (17, 'Gujrat', 11, '2019-06-17 06:27:05', '2019-11-22 15:57:57');


--
-- TOC entry 2442 (class 0 OID 431185)
-- Dependencies: 181
-- Data for Name: subdivisions; Type: TABLE DATA; Schema: public; Owner: -
--

INSERT INTO public.subdivisions (id, subdivision_name, district_id, zone_id, created_by, created_at, updated_at) VALUES (152, 'campvell bay', 50, 8, 11, '2019-11-15 13:28:21', '2019-11-15 13:28:21');
INSERT INTO public.subdivisions (id, subdivision_name, district_id, zone_id, created_by, created_at, updated_at) VALUES (133, 'mayabunder', 50, 8, 11, '2019-11-11 14:08:37', '2019-11-11 14:08:37');
INSERT INTO public.subdivisions (id, subdivision_name, district_id, zone_id, created_by, created_at, updated_at) VALUES (132, 'car nicobar', 50, 8, 11, '2019-11-11 14:08:27', '2019-11-11 14:08:27');
INSERT INTO public.subdivisions (id, subdivision_name, district_id, zone_id, created_by, created_at, updated_at) VALUES (131, 'port blair', 50, 8, 11, '2019-11-11 14:08:16', '2019-11-11 14:08:16');
INSERT INTO public.subdivisions (id, subdivision_name, district_id, zone_id, created_by, created_at, updated_at) VALUES (130, 'mal', 48, 8, 11, '2019-11-11 14:02:42', '2019-11-11 14:02:42');
INSERT INTO public.subdivisions (id, subdivision_name, district_id, zone_id, created_by, created_at, updated_at) VALUES (129, 'alipurduar', 48, 8, 11, '2019-11-11 14:02:34', '2019-11-11 14:02:34');
INSERT INTO public.subdivisions (id, subdivision_name, district_id, zone_id, created_by, created_at, updated_at) VALUES (128, 'jalpaiguri sadar', 48, 8, 11, '2019-11-11 14:02:08', '2019-11-11 14:02:08');
INSERT INTO public.subdivisions (id, subdivision_name, district_id, zone_id, created_by, created_at, updated_at) VALUES (127, 'buniadpur', 49, 8, 11, '2019-11-11 14:01:48', '2019-11-11 14:01:48');
INSERT INTO public.subdivisions (id, subdivision_name, district_id, zone_id, created_by, created_at, updated_at) VALUES (125, 'balurghat', 49, 8, 11, '2019-11-11 14:01:02', '2019-11-11 14:01:02');
INSERT INTO public.subdivisions (id, subdivision_name, district_id, zone_id, created_by, created_at, updated_at) VALUES (124, 'gorubathan', 7, 8, 11, '2019-11-11 13:59:52', '2019-11-11 13:59:52');
INSERT INTO public.subdivisions (id, subdivision_name, district_id, zone_id, created_by, created_at, updated_at) VALUES (123, 'kalimpong sadar', 7, 8, 11, '2019-11-11 13:59:32', '2019-11-11 13:59:32');
INSERT INTO public.subdivisions (id, subdivision_name, district_id, zone_id, created_by, created_at, updated_at) VALUES (122, 'mungpoo', 10, 8, 11, '2019-11-11 13:59:14', '2019-11-11 13:59:14');
INSERT INTO public.subdivisions (id, subdivision_name, district_id, zone_id, created_by, created_at, updated_at) VALUES (121, 'mirik', 10, 8, 11, '2019-11-11 13:59:04', '2019-11-11 13:59:04');
INSERT INTO public.subdivisions (id, subdivision_name, district_id, zone_id, created_by, created_at, updated_at) VALUES (120, 'kurseong', 10, 8, 11, '2019-11-11 13:58:55', '2019-11-11 13:58:55');
INSERT INTO public.subdivisions (id, subdivision_name, district_id, zone_id, created_by, created_at, updated_at) VALUES (119, 'siliguri', 10, 8, 11, '2019-11-11 13:58:43', '2019-11-11 13:58:43');
INSERT INTO public.subdivisions (id, subdivision_name, district_id, zone_id, created_by, created_at, updated_at) VALUES (118, 'darjeeling sadar', 10, 8, 11, '2019-11-11 13:58:19', '2019-11-11 13:58:19');
INSERT INTO public.subdivisions (id, subdivision_name, district_id, zone_id, created_by, created_at, updated_at) VALUES (117, 'mekhligunj', 47, 8, 11, '2019-11-11 13:57:57', '2019-11-11 13:57:57');
INSERT INTO public.subdivisions (id, subdivision_name, district_id, zone_id, created_by, created_at, updated_at) VALUES (116, 'mathabhanga', 47, 8, 11, '2019-11-11 13:57:43', '2019-11-11 13:57:43');
INSERT INTO public.subdivisions (id, subdivision_name, district_id, zone_id, created_by, created_at, updated_at) VALUES (115, 'tufangunj', 47, 8, 11, '2019-11-11 13:57:27', '2019-11-11 13:57:27');
INSERT INTO public.subdivisions (id, subdivision_name, district_id, zone_id, created_by, created_at, updated_at) VALUES (113, 'dinhata', 47, 8, 11, '2019-11-11 13:56:39', '2019-11-11 13:56:39');
INSERT INTO public.subdivisions (id, subdivision_name, district_id, zone_id, created_by, created_at, updated_at) VALUES (112, 'cooch behar sadar', 47, 8, 11, '2019-11-11 13:56:24', '2019-11-11 13:56:24');
INSERT INTO public.subdivisions (id, subdivision_name, district_id, zone_id, created_by, created_at, updated_at) VALUES (111, 'islampur', 29, 8, 11, '2019-11-11 13:56:03', '2019-11-11 13:56:03');
INSERT INTO public.subdivisions (id, subdivision_name, district_id, zone_id, created_by, created_at, updated_at) VALUES (110, 'raiganj', 29, 8, 11, '2019-11-11 13:55:49', '2019-11-11 13:55:49');
INSERT INTO public.subdivisions (id, subdivision_name, district_id, zone_id, created_by, created_at, updated_at) VALUES (109, 'lalbagh', 44, 7, 11, '2019-11-11 13:53:14', '2019-11-11 13:53:14');
INSERT INTO public.subdivisions (id, subdivision_name, district_id, zone_id, created_by, created_at, updated_at) VALUES (108, 'kandi', 44, 7, 11, '2019-11-11 13:52:34', '2019-11-11 13:52:34');
INSERT INTO public.subdivisions (id, subdivision_name, district_id, zone_id, created_by, created_at, updated_at) VALUES (106, 'berhampore', 44, 7, 11, '2019-11-11 13:52:11', '2019-11-11 13:52:11');
INSERT INTO public.subdivisions (id, subdivision_name, district_id, zone_id, created_by, created_at, updated_at) VALUES (107, 'jangipur', 44, 7, 11, '2019-11-11 13:52:25', '2019-11-11 13:52:25');
INSERT INTO public.subdivisions (id, subdivision_name, district_id, zone_id, created_by, created_at, updated_at) VALUES (105, 'haldia', 43, 6, 11, '2019-11-11 13:51:34', '2019-11-11 13:51:34');
INSERT INTO public.subdivisions (id, subdivision_name, district_id, zone_id, created_by, created_at, updated_at) VALUES (104, 'contai', 43, 6, 11, '2019-11-11 13:48:53', '2019-11-11 13:48:53');
INSERT INTO public.subdivisions (id, subdivision_name, district_id, zone_id, created_by, created_at, updated_at) VALUES (103, 'tamluk', 45, 6, 11, '2019-11-11 13:48:14', '2019-11-11 13:48:33');
INSERT INTO public.subdivisions (id, subdivision_name, district_id, zone_id, created_by, created_at, updated_at) VALUES (102, 'nabadwip', 46, 6, 11, '2019-11-11 13:47:28', '2019-11-11 13:47:28');
INSERT INTO public.subdivisions (id, subdivision_name, district_id, zone_id, created_by, created_at, updated_at) VALUES (101, 'tehatta', 46, 6, 11, '2019-11-11 13:47:06', '2019-11-11 13:47:06');
INSERT INTO public.subdivisions (id, subdivision_name, district_id, zone_id, created_by, created_at, updated_at) VALUES (100, 'ranaghat', 46, 6, 11, '2019-11-11 13:46:53', '2019-11-11 13:46:53');
INSERT INTO public.subdivisions (id, subdivision_name, district_id, zone_id, created_by, created_at, updated_at) VALUES (99, 'kalyani', 46, 4, 11, '2019-11-11 13:46:33', '2019-11-11 13:46:33');
INSERT INTO public.subdivisions (id, subdivision_name, district_id, zone_id, created_by, created_at, updated_at) VALUES (98, 'krishnanagar', 46, 6, 11, '2019-11-11 13:46:17', '2019-11-11 13:46:17');
INSERT INTO public.subdivisions (id, subdivision_name, district_id, zone_id, created_by, created_at, updated_at) VALUES (97, 'kharagpur', 43, 6, 11, '2019-11-11 13:28:42', '2019-11-11 13:28:42');
INSERT INTO public.subdivisions (id, subdivision_name, district_id, zone_id, created_by, created_at, updated_at) VALUES (96, 'garbeta', 43, 6, 11, '2019-11-11 13:28:13', '2019-11-11 13:28:13');
INSERT INTO public.subdivisions (id, subdivision_name, district_id, zone_id, created_by, created_at, updated_at) VALUES (95, 'dantan', 43, 6, 11, '2019-11-11 13:27:47', '2019-11-11 13:27:47');
INSERT INTO public.subdivisions (id, subdivision_name, district_id, zone_id, created_by, created_at, updated_at) VALUES (94, 'ghatal', 43, 6, 11, '2019-11-11 13:27:28', '2019-11-11 13:27:28');
INSERT INTO public.subdivisions (id, subdivision_name, district_id, zone_id, created_by, created_at, updated_at) VALUES (93, 'paschim medinipur sadar', 43, 6, 11, '2019-11-11 13:27:14', '2019-11-11 13:27:14');
INSERT INTO public.subdivisions (id, subdivision_name, district_id, zone_id, created_by, created_at, updated_at) VALUES (92, 'durgapur', 41, 6, 11, '2019-11-11 13:24:04', '2019-11-11 13:24:04');
INSERT INTO public.subdivisions (id, subdivision_name, district_id, zone_id, created_by, created_at, updated_at) VALUES (91, 'asansol', 41, 6, 11, '2019-11-11 13:23:34', '2019-11-11 13:23:34');
INSERT INTO public.subdivisions (id, subdivision_name, district_id, zone_id, created_by, created_at, updated_at) VALUES (90, 'jhargram', 42, 6, 11, '2019-11-11 13:23:05', '2019-11-11 13:23:05');
INSERT INTO public.subdivisions (id, subdivision_name, district_id, zone_id, created_by, created_at, updated_at) VALUES (89, 'katwa', 40, 6, 11, '2019-11-11 13:22:40', '2019-11-11 13:22:40');
INSERT INTO public.subdivisions (id, subdivision_name, district_id, zone_id, created_by, created_at, updated_at) VALUES (88, 'kalna', 40, 6, 11, '2019-11-11 13:22:20', '2019-11-11 13:22:20');
INSERT INTO public.subdivisions (id, subdivision_name, district_id, zone_id, created_by, created_at, updated_at) VALUES (87, 'purba bardhaman sadar', 40, 6, 11, '2019-11-11 13:22:06', '2019-11-11 13:22:06');
INSERT INTO public.subdivisions (id, subdivision_name, district_id, zone_id, created_by, created_at, updated_at) VALUES (86, 'raghunathpur', 5, 7, 11, '2019-11-11 13:07:24', '2019-11-11 13:07:24');
INSERT INTO public.subdivisions (id, subdivision_name, district_id, zone_id, created_by, created_at, updated_at) VALUES (85, 'purulia sadar', 5, 7, 11, '2019-11-11 13:07:06', '2019-11-11 13:07:06');
INSERT INTO public.subdivisions (id, subdivision_name, district_id, zone_id, created_by, created_at, updated_at) VALUES (83, 'chanchal', 6, 7, 11, '2019-11-11 13:04:39', '2019-11-11 13:04:39');
INSERT INTO public.subdivisions (id, subdivision_name, district_id, zone_id, created_by, created_at, updated_at) VALUES (82, 'malda sadar', 6, 7, 11, '2019-11-11 13:04:24', '2019-11-11 13:04:24');
INSERT INTO public.subdivisions (id, subdivision_name, district_id, zone_id, created_by, created_at, updated_at) VALUES (81, 'dubrajpur', 27, 7, 11, '2019-11-11 13:04:02', '2019-11-11 13:04:02');
INSERT INTO public.subdivisions (id, subdivision_name, district_id, zone_id, created_by, created_at, updated_at) VALUES (80, 'rampurhat', 27, 7, 11, '2019-11-11 13:03:39', '2019-11-11 13:03:39');
INSERT INTO public.subdivisions (id, subdivision_name, district_id, zone_id, created_by, created_at, updated_at) VALUES (79, 'bolpur', 27, 7, 11, '2019-11-11 13:03:21', '2019-11-11 13:03:21');
INSERT INTO public.subdivisions (id, subdivision_name, district_id, zone_id, created_by, created_at, updated_at) VALUES (78, 'birbhum sadar', 27, 7, 11, '2019-11-11 13:03:09', '2019-11-11 13:03:09');
INSERT INTO public.subdivisions (id, subdivision_name, district_id, zone_id, created_by, created_at, updated_at) VALUES (77, 'khatra', 25, 7, 11, '2019-11-11 13:02:41', '2019-11-11 13:02:41');
INSERT INTO public.subdivisions (id, subdivision_name, district_id, zone_id, created_by, created_at, updated_at) VALUES (76, 'bishnupur', 25, 7, 11, '2019-11-11 13:02:30', '2019-11-11 13:02:30');
INSERT INTO public.subdivisions (id, subdivision_name, district_id, zone_id, created_by, created_at, updated_at) VALUES (75, 'bankura sadar', 25, 7, 11, '2019-11-11 13:02:17', '2019-11-11 13:02:17');
INSERT INTO public.subdivisions (id, subdivision_name, district_id, zone_id, created_by, created_at, updated_at) VALUES (74, 'sealdah', 13, 4, 11, '2019-11-11 12:56:33', '2019-11-11 12:56:33');
INSERT INTO public.subdivisions (id, subdivision_name, district_id, zone_id, created_by, created_at, updated_at) VALUES (71, 'kakdwip', 13, 4, 11, '2019-11-11 12:39:24', '2019-11-11 12:39:24');
INSERT INTO public.subdivisions (id, subdivision_name, district_id, zone_id, created_by, created_at, updated_at) VALUES (70, 'diamond harbour', 13, 4, 11, '2019-11-11 12:38:53', '2019-11-11 12:38:53');
INSERT INTO public.subdivisions (id, subdivision_name, district_id, zone_id, created_by, created_at, updated_at) VALUES (69, 'baruipore', 13, 4, 11, '2019-11-11 12:38:32', '2019-11-11 12:38:32');
INSERT INTO public.subdivisions (id, subdivision_name, district_id, zone_id, created_by, created_at, updated_at) VALUES (68, 'alipore', 13, 4, 11, '2019-11-11 12:38:18', '2019-11-15 14:35:01');
INSERT INTO public.subdivisions (id, subdivision_name, district_id, zone_id, created_by, created_at, updated_at) VALUES (67, 'basirhat', 38, 6, 11, '2019-11-11 12:37:43', '2019-11-11 12:37:43');
INSERT INTO public.subdivisions (id, subdivision_name, district_id, zone_id, created_by, created_at, updated_at) VALUES (66, 'bongaon', 38, 6, 11, '2019-11-11 12:37:28', '2019-11-11 12:37:28');
INSERT INTO public.subdivisions (id, subdivision_name, district_id, zone_id, created_by, created_at, updated_at) VALUES (65, 'sealdah', 38, 4, 11, '2019-11-11 12:37:00', '2019-11-11 12:37:00');
INSERT INTO public.subdivisions (id, subdivision_name, district_id, zone_id, created_by, created_at, updated_at) VALUES (64, 'bidhannagar', 38, 4, 11, '2019-11-11 12:36:40', '2019-11-11 12:36:40');
INSERT INTO public.subdivisions (id, subdivision_name, district_id, zone_id, created_by, created_at, updated_at) VALUES (63, 'barrackpore', 38, 4, 11, '2019-11-11 12:36:18', '2019-11-11 12:36:18');
INSERT INTO public.subdivisions (id, subdivision_name, district_id, zone_id, created_by, created_at, updated_at) VALUES (62, 'barasat', 38, 4, 11, '2019-11-11 12:35:41', '2019-11-11 12:35:41');
INSERT INTO public.subdivisions (id, subdivision_name, district_id, zone_id, created_by, created_at, updated_at) VALUES (61, 'amta', 26, 4, 11, '2019-11-11 12:25:28', '2019-11-11 12:25:28');
INSERT INTO public.subdivisions (id, subdivision_name, district_id, zone_id, created_by, created_at, updated_at) VALUES (60, 'uluberia', 26, 4, 11, '2019-11-11 12:25:19', '2019-11-11 12:25:19');
INSERT INTO public.subdivisions (id, subdivision_name, district_id, zone_id, created_by, created_at, updated_at) VALUES (58, 'howrah sadar', 26, 4, 11, '2019-11-11 12:24:01', '2019-11-11 12:24:01');
INSERT INTO public.subdivisions (id, subdivision_name, district_id, zone_id, created_by, created_at, updated_at) VALUES (57, 'arambagh', 28, 6, 11, '2019-11-11 12:18:01', '2019-11-11 12:18:01');
INSERT INTO public.subdivisions (id, subdivision_name, district_id, zone_id, created_by, created_at, updated_at) VALUES (56, 'chandannagar', 28, 4, 11, '2019-11-11 12:17:46', '2019-11-11 12:17:46');
INSERT INTO public.subdivisions (id, subdivision_name, district_id, zone_id, created_by, created_at, updated_at) VALUES (55, 'serampore', 28, 4, 11, '2019-11-11 12:17:18', '2019-11-11 12:17:18');
INSERT INTO public.subdivisions (id, subdivision_name, district_id, zone_id, created_by, created_at, updated_at) VALUES (54, 'hoogly sadar', 28, 4, 11, '2019-11-11 12:16:48', '2019-11-11 12:24:53');
INSERT INTO public.subdivisions (id, subdivision_name, district_id, zone_id, created_by, created_at, updated_at) VALUES (53, 'provincial  small causes court (pscc)', 36, 4, 11, '2019-11-11 12:14:15', '2019-11-11 12:15:22');
INSERT INTO public.subdivisions (id, subdivision_name, district_id, zone_id, created_by, created_at, updated_at) VALUES (52, 'city civil court', 36, 4, 11, '2019-11-11 12:14:01', '2019-11-11 12:14:01');
INSERT INTO public.subdivisions (id, subdivision_name, district_id, zone_id, created_by, created_at, updated_at) VALUES (51, 'city sessions court', 36, 4, 11, '2019-11-11 12:13:44', '2019-11-11 12:13:44');
INSERT INTO public.subdivisions (id, subdivision_name, district_id, zone_id, created_by, created_at, updated_at) VALUES (2, 'abc', 50, 8, 11, '2019-11-22 16:03:51', '2019-11-22 16:03:51');


--
-- TOC entry 2433 (class 0 OID 431135)
-- Dependencies: 172
-- Data for Name: user_types; Type: TABLE DATA; Schema: public; Owner: -
--

INSERT INTO public.user_types (id, type_name, created_at, updated_at) VALUES (6, 'Court', '2019-08-30 06:31:42', '2019-08-30 06:31:42');
INSERT INTO public.user_types (id, type_name, created_at, updated_at) VALUES (1, 'Administrator', NULL, NULL);
INSERT INTO public.user_types (id, type_name, created_at, updated_at) VALUES (5, 'Inspection', '2019-08-28 08:33:30', '2019-11-22 14:23:26');
INSERT INTO public.user_types (id, type_name, created_at, updated_at) VALUES (2, 'Judicial Officer', NULL, '2019-11-22 14:24:03');
INSERT INTO public.user_types (id, type_name, created_at, updated_at) VALUES (7, 'Central Dispatch Section', '2019-11-22 17:41:12', '2019-11-22 17:41:12');
INSERT INTO public.user_types (id, type_name, created_at, updated_at) VALUES (8, 'Department', '2019-11-28 16:17:12', '2019-11-28 16:17:12');


--
-- TOC entry 2484 (class 0 OID 431596)
-- Dependencies: 223
-- Data for Name: users; Type: TABLE DATA; Schema: public; Owner: -
--

INSERT INTO public.users (id, user_id, name, user_type_id, court_id, judicial_officer_id, jo_code, department_id, email, email_verified_at, password, remember_token, created_at, updated_at) VALUES (43, 'jo00032', 'Anabil Bhattacharya', 2, NULL, 32, NULL, NULL, 'banabil90@gmail.com', NULL, '$2y$10$WznmxyUdjymJIi2qsCJ5LuS2am4cq0poG1bfJYtWOas6DZbt0013K', NULL, '2019-11-28 18:00:56', '2019-11-28 18:00:56');
INSERT INTO public.users (id, user_id, name, user_type_id, court_id, judicial_officer_id, jo_code, department_id, email, email_verified_at, password, remember_token, created_at, updated_at) VALUES (30, 'court1', 'Court', 6, 3, NULL, NULL, NULL, 'court1@court1.court1', NULL, '$2y$10$aBAFK1T59AzcJVKBGLkV4uMOHGSxxYUkuFR0IE84imZjK55wryJ2u', NULL, '2019-09-16 10:59:20', '2019-09-16 10:59:20');
INSERT INTO public.users (id, user_id, name, user_type_id, court_id, judicial_officer_id, jo_code, department_id, email, email_verified_at, password, remember_token, created_at, updated_at) VALUES (33, 'jo00028', 'Rupsa Basu', 2, NULL, 28, NULL, NULL, 'rupsa@gmail.com', NULL, '$2y$10$Q4g8CvhRZwcr/k.dkaABruCTVjqowDVgykm..DFNss3ouSeykll8C', NULL, '2019-11-27 11:34:59', '2019-11-27 11:34:59');
INSERT INTO public.users (id, user_id, name, user_type_id, court_id, judicial_officer_id, jo_code, department_id, email, email_verified_at, password, remember_token, created_at, updated_at) VALUES (36, 'jo00031', 'Arpan Kr Roy', 2, NULL, 31, NULL, NULL, 'arpan@gmail.com', NULL, '$2y$10$KgMxnUWYcnSd1wNvX0Uj6.58nkJ6rOk4EivGZ/8683fF0CocBvyLa', NULL, '2019-11-28 13:23:13', '2019-11-28 13:23:13');
INSERT INTO public.users (id, user_id, name, user_type_id, court_id, judicial_officer_id, jo_code, department_id, email, email_verified_at, password, remember_token, created_at, updated_at) VALUES (40, 'abs123', 'Abhisikta Basak', 8, NULL, NULL, NULL, 3, 'kpc@kpc.kpc', NULL, '$2y$10$8LdZ9BSda9VIJZY5SyWvs.wCwTwORzw48qdRvRWKhivltjjtbhnci', NULL, '2019-11-28 17:43:08', '2019-11-28 17:43:08');
INSERT INTO public.users (id, user_id, name, user_type_id, court_id, judicial_officer_id, jo_code, department_id, email, email_verified_at, password, remember_token, created_at, updated_at) VALUES (37, 'ab123', 'Srijoni Ghosh', 8, NULL, NULL, NULL, 90, 'sr@sr.com', NULL, '$2y$10$M59u/bbTQHGvI6KMB.43N.5Q4JQOxwg1MC8eBVN.Or06jZqW2DvO6', NULL, '2019-11-28 17:38:34', '2019-11-28 17:38:34');
INSERT INTO public.users (id, user_id, name, user_type_id, court_id, judicial_officer_id, jo_code, department_id, email, email_verified_at, password, remember_token, created_at, updated_at) VALUES (42, 'qwerty', 'werty', 8, NULL, NULL, NULL, 1, 'we@we.com', NULL, '$2y$10$u7EFi05Y0Sozv2BWSNJqn.ijZvJW3Si9LH4.NojS5qJJfaHQuqgom', NULL, '2019-11-28 18:00:52', '2019-11-28 18:00:52');
INSERT INTO public.users (id, user_id, name, user_type_id, court_id, judicial_officer_id, jo_code, department_id, email, email_verified_at, password, remember_token, created_at, updated_at) VALUES (11, 'admin', 'administrator 1', 1, 1, NULL, NULL, NULL, 'admin@admin.admin', NULL, '$2y$10$aBAFK1T59AzcJVKBGLkV4uMOHGSxxYUkuFR0IE84imZjK55wryJ2u', '4xyOJnIl4Uz9PNHW9MBqXaupVU7KKre7FJJuFsznlI9XMQP7T9vRffdu1EAE', '2019-06-19 06:00:07', '2019-06-19 06:00:07');


--
-- TOC entry 2480 (class 0 OID 431556)
-- Dependencies: 219
-- Data for Name: zone_subdivisions; Type: TABLE DATA; Schema: public; Owner: -
--



--
-- TOC entry 2438 (class 0 OID 431160)
-- Dependencies: 177
-- Data for Name: zones; Type: TABLE DATA; Schema: public; Owner: -
--

INSERT INTO public.zones (id, zone_name, min_service_days, created_by, created_at, updated_at) VALUES (4, 'a', 1095, 11, '2019-11-13 00:00:00', '2019-11-13 00:00:00');
INSERT INTO public.zones (id, zone_name, min_service_days, created_by, created_at, updated_at) VALUES (6, 'b', 1095, 11, '2019-11-13 00:00:00', '2019-11-13 00:00:00');
INSERT INTO public.zones (id, zone_name, min_service_days, created_by, created_at, updated_at) VALUES (8, 'd', 730, 11, '2019-11-13 00:00:00', '2019-11-13 00:00:00');
INSERT INTO public.zones (id, zone_name, min_service_days, created_by, created_at, updated_at) VALUES (7, 'c', 1095, 11, '2019-11-13 00:00:00', '2019-11-15 11:31:20');


--
-- TOC entry 2541 (class 0 OID 0)
-- Dependencies: 216
-- Name: acr_histories_id_seq; Type: SEQUENCE SET; Schema: public; Owner: -
--

SELECT pg_catalog.setval('public.acr_histories_id_seq', 1, true);


--
-- TOC entry 2542 (class 0 OID 0)
-- Dependencies: 186
-- Name: categories_id_seq; Type: SEQUENCE SET; Schema: public; Owner: -
--

SELECT pg_catalog.setval('public.categories_id_seq', 1, false);


--
-- TOC entry 2543 (class 0 OID 0)
-- Dependencies: 182
-- Name: courts_id_seq; Type: SEQUENCE SET; Schema: public; Owner: -
--

SELECT pg_catalog.setval('public.courts_id_seq', 82, true);


--
-- TOC entry 2544 (class 0 OID 0)
-- Dependencies: 236
-- Name: departments_id_seq; Type: SEQUENCE SET; Schema: public; Owner: -
--

SELECT pg_catalog.setval('public.departments_id_seq', 1, false);


--
-- TOC entry 2545 (class 0 OID 0)
-- Dependencies: 188
-- Name: designations_id_seq; Type: SEQUENCE SET; Schema: public; Owner: -
--

SELECT pg_catalog.setval('public.designations_id_seq', 5, true);


--
-- TOC entry 2546 (class 0 OID 0)
-- Dependencies: 206
-- Name: diaries_id_seq; Type: SEQUENCE SET; Schema: public; Owner: -
--

SELECT pg_catalog.setval('public.diaries_id_seq', 1, true);


--
-- TOC entry 2547 (class 0 OID 0)
-- Dependencies: 178
-- Name: districts_id_seq; Type: SEQUENCE SET; Schema: public; Owner: -
--

SELECT pg_catalog.setval('public.districts_id_seq', 1, true);


--
-- TOC entry 2548 (class 0 OID 0)
-- Dependencies: 214
-- Name: grade_details_id_seq; Type: SEQUENCE SET; Schema: public; Owner: -
--

SELECT pg_catalog.setval('public.grade_details_id_seq', 1, false);


--
-- TOC entry 2549 (class 0 OID 0)
-- Dependencies: 210
-- Name: hc_case_types_id_seq; Type: SEQUENCE SET; Schema: public; Owner: -
--

SELECT pg_catalog.setval('public.hc_case_types_id_seq', 1, false);


--
-- TOC entry 2550 (class 0 OID 0)
-- Dependencies: 230
-- Name: history_deleted_data_id_seq; Type: SEQUENCE SET; Schema: public; Owner: -
--

SELECT pg_catalog.setval('public.history_deleted_data_id_seq', 1, false);


--
-- TOC entry 2551 (class 0 OID 0)
-- Dependencies: 228
-- Name: history_updated_data_id_seq; Type: SEQUENCE SET; Schema: public; Owner: -
--

SELECT pg_catalog.setval('public.history_updated_data_id_seq', 3, true);


--
-- TOC entry 2552 (class 0 OID 0)
-- Dependencies: 238
-- Name: jo_legal_experiences_id_seq; Type: SEQUENCE SET; Schema: public; Owner: -
--

SELECT pg_catalog.setval('public.jo_legal_experiences_id_seq', 2, true);


--
-- TOC entry 2553 (class 0 OID 0)
-- Dependencies: 196
-- Name: jo_photos_id_seq; Type: SEQUENCE SET; Schema: public; Owner: -
--

SELECT pg_catalog.setval('public.jo_photos_id_seq', 1, false);


--
-- TOC entry 2554 (class 0 OID 0)
-- Dependencies: 234
-- Name: jo_reporting_reviewings_id_seq; Type: SEQUENCE SET; Schema: public; Owner: -
--

SELECT pg_catalog.setval('public.jo_reporting_reviewings_id_seq', 1, false);


--
-- TOC entry 2555 (class 0 OID 0)
-- Dependencies: 232
-- Name: jo_reportings_id_seq; Type: SEQUENCE SET; Schema: public; Owner: -
--

SELECT pg_catalog.setval('public.jo_reportings_id_seq', 2, true);


--
-- TOC entry 2556 (class 0 OID 0)
-- Dependencies: 220
-- Name: jo_zone_tenures_id_seq; Type: SEQUENCE SET; Schema: public; Owner: -
--

SELECT pg_catalog.setval('public.jo_zone_tenures_id_seq', 18, true);


--
-- TOC entry 2557 (class 0 OID 0)
-- Dependencies: 204
-- Name: judicial_officer_posting_preferences_id_seq; Type: SEQUENCE SET; Schema: public; Owner: -
--

SELECT pg_catalog.setval('public.judicial_officer_posting_preferences_id_seq', 8, true);


--
-- TOC entry 2558 (class 0 OID 0)
-- Dependencies: 202
-- Name: judicial_officer_postings_id_seq; Type: SEQUENCE SET; Schema: public; Owner: -
--

SELECT pg_catalog.setval('public.judicial_officer_postings_id_seq', 31, true);


--
-- TOC entry 2559 (class 0 OID 0)
-- Dependencies: 198
-- Name: judicial_officer_qualifications_id_seq; Type: SEQUENCE SET; Schema: public; Owner: -
--

SELECT pg_catalog.setval('public.judicial_officer_qualifications_id_seq', 43, true);


--
-- TOC entry 2560 (class 0 OID 0)
-- Dependencies: 194
-- Name: judicial_officers_id_seq; Type: SEQUENCE SET; Schema: public; Owner: -
--

SELECT pg_catalog.setval('public.judicial_officers_id_seq', 32, true);


--
-- TOC entry 2561 (class 0 OID 0)
-- Dependencies: 226
-- Name: lcr_hc_ends_id_seq; Type: SEQUENCE SET; Schema: public; Owner: -
--

SELECT pg_catalog.setval('public.lcr_hc_ends_id_seq', 9, true);


--
-- TOC entry 2562 (class 0 OID 0)
-- Dependencies: 208
-- Name: lcr_lc_details_id_seq; Type: SEQUENCE SET; Schema: public; Owner: -
--

SELECT pg_catalog.setval('public.lcr_lc_details_id_seq', 33, true);


--
-- TOC entry 2563 (class 0 OID 0)
-- Dependencies: 224
-- Name: lcr_status_checks_id_seq; Type: SEQUENCE SET; Schema: public; Owner: -
--

SELECT pg_catalog.setval('public.lcr_status_checks_id_seq', 1, false);


--
-- TOC entry 2564 (class 0 OID 0)
-- Dependencies: 212
-- Name: lower_case_types_id_seq; Type: SEQUENCE SET; Schema: public; Owner: -
--

SELECT pg_catalog.setval('public.lower_case_types_id_seq', 1, false);


--
-- TOC entry 2565 (class 0 OID 0)
-- Dependencies: 169
-- Name: migrations_id_seq; Type: SEQUENCE SET; Schema: public; Owner: -
--

SELECT pg_catalog.setval('public.migrations_id_seq', 47, true);


--
-- TOC entry 2566 (class 0 OID 0)
-- Dependencies: 200
-- Name: modes_id_seq; Type: SEQUENCE SET; Schema: public; Owner: -
--

SELECT pg_catalog.setval('public.modes_id_seq', 2, true);


--
-- TOC entry 2567 (class 0 OID 0)
-- Dependencies: 184
-- Name: qualifications_id_seq; Type: SEQUENCE SET; Schema: public; Owner: -
--

SELECT pg_catalog.setval('public.qualifications_id_seq', 1, false);


--
-- TOC entry 2568 (class 0 OID 0)
-- Dependencies: 192
-- Name: recruitment_batches_id_seq; Type: SEQUENCE SET; Schema: public; Owner: -
--

SELECT pg_catalog.setval('public.recruitment_batches_id_seq', 1, false);


--
-- TOC entry 2569 (class 0 OID 0)
-- Dependencies: 190
-- Name: religions_id_seq; Type: SEQUENCE SET; Schema: public; Owner: -
--

SELECT pg_catalog.setval('public.religions_id_seq', 1, false);


--
-- TOC entry 2570 (class 0 OID 0)
-- Dependencies: 174
-- Name: states_id_seq; Type: SEQUENCE SET; Schema: public; Owner: -
--

SELECT pg_catalog.setval('public.states_id_seq', 58, true);


--
-- TOC entry 2571 (class 0 OID 0)
-- Dependencies: 180
-- Name: subdivisions_id_seq; Type: SEQUENCE SET; Schema: public; Owner: -
--

SELECT pg_catalog.setval('public.subdivisions_id_seq', 151, true);


--
-- TOC entry 2572 (class 0 OID 0)
-- Dependencies: 171
-- Name: user_types_id_seq; Type: SEQUENCE SET; Schema: public; Owner: -
--

SELECT pg_catalog.setval('public.user_types_id_seq', 7, true);


--
-- TOC entry 2573 (class 0 OID 0)
-- Dependencies: 222
-- Name: users_id_seq; Type: SEQUENCE SET; Schema: public; Owner: -
--

SELECT pg_catalog.setval('public.users_id_seq', 43, true);


--
-- TOC entry 2574 (class 0 OID 0)
-- Dependencies: 218
-- Name: zone_subdivisions_id_seq; Type: SEQUENCE SET; Schema: public; Owner: -
--

SELECT pg_catalog.setval('public.zone_subdivisions_id_seq', 1, false);


--
-- TOC entry 2575 (class 0 OID 0)
-- Dependencies: 176
-- Name: zones_id_seq; Type: SEQUENCE SET; Schema: public; Owner: -
--

SELECT pg_catalog.setval('public.zones_id_seq', 13, true);


--
-- TOC entry 2234 (class 2606 OID 431543)
-- Name: acr_histories acr_histories_judicial_officer_id_year_unique; Type: CONSTRAINT; Schema: public; Owner: -
--

ALTER TABLE ONLY public.acr_histories
    ADD CONSTRAINT acr_histories_judicial_officer_id_year_unique UNIQUE (judicial_officer_id, year);


--
-- TOC entry 2236 (class 2606 OID 431541)
-- Name: acr_histories acr_histories_pkey; Type: CONSTRAINT; Schema: public; Owner: -
--

ALTER TABLE ONLY public.acr_histories
    ADD CONSTRAINT acr_histories_pkey PRIMARY KEY (id);


--
-- TOC entry 2164 (class 2606 OID 431237)
-- Name: categories categories_category_name_unique; Type: CONSTRAINT; Schema: public; Owner: -
--

ALTER TABLE ONLY public.categories
    ADD CONSTRAINT categories_category_name_unique UNIQUE (category_name);


--
-- TOC entry 2166 (class 2606 OID 431235)
-- Name: categories categories_pkey; Type: CONSTRAINT; Schema: public; Owner: -
--

ALTER TABLE ONLY public.categories
    ADD CONSTRAINT categories_pkey PRIMARY KEY (id);


--
-- TOC entry 2156 (class 2606 OID 431217)
-- Name: courts courts_court_name_unique; Type: CONSTRAINT; Schema: public; Owner: -
--

ALTER TABLE ONLY public.courts
    ADD CONSTRAINT courts_court_name_unique UNIQUE (court_name);


--
-- TOC entry 2158 (class 2606 OID 431210)
-- Name: courts courts_pkey; Type: CONSTRAINT; Schema: public; Owner: -
--

ALTER TABLE ONLY public.courts
    ADD CONSTRAINT courts_pkey PRIMARY KEY (id);


--
-- TOC entry 2276 (class 2606 OID 448474)
-- Name: departments departments_pkey; Type: CONSTRAINT; Schema: public; Owner: -
--

ALTER TABLE ONLY public.departments
    ADD CONSTRAINT departments_pkey PRIMARY KEY (id);


--
-- TOC entry 2168 (class 2606 OID 431247)
-- Name: designations designations_designation_name_unique; Type: CONSTRAINT; Schema: public; Owner: -
--

ALTER TABLE ONLY public.designations
    ADD CONSTRAINT designations_designation_name_unique UNIQUE (designation_name);


--
-- TOC entry 2170 (class 2606 OID 431245)
-- Name: designations designations_pkey; Type: CONSTRAINT; Schema: public; Owner: -
--

ALTER TABLE ONLY public.designations
    ADD CONSTRAINT designations_pkey PRIMARY KEY (id);


--
-- TOC entry 2216 (class 2606 OID 431449)
-- Name: diaries diaries_pkey; Type: CONSTRAINT; Schema: public; Owner: -
--

ALTER TABLE ONLY public.diaries
    ADD CONSTRAINT diaries_pkey PRIMARY KEY (id);


--
-- TOC entry 2148 (class 2606 OID 431182)
-- Name: districts districts_district_name_unique; Type: CONSTRAINT; Schema: public; Owner: -
--

ALTER TABLE ONLY public.districts
    ADD CONSTRAINT districts_district_name_unique UNIQUE (district_name);


--
-- TOC entry 2150 (class 2606 OID 431175)
-- Name: districts districts_pkey; Type: CONSTRAINT; Schema: public; Owner: -
--

ALTER TABLE ONLY public.districts
    ADD CONSTRAINT districts_pkey PRIMARY KEY (id);


--
-- TOC entry 2230 (class 2606 OID 431533)
-- Name: grade_details grade_details_grade_name_unique; Type: CONSTRAINT; Schema: public; Owner: -
--

ALTER TABLE ONLY public.grade_details
    ADD CONSTRAINT grade_details_grade_name_unique UNIQUE (grade_name);


--
-- TOC entry 2232 (class 2606 OID 431531)
-- Name: grade_details grade_details_pkey; Type: CONSTRAINT; Schema: public; Owner: -
--

ALTER TABLE ONLY public.grade_details
    ADD CONSTRAINT grade_details_pkey PRIMARY KEY (id);


--
-- TOC entry 2220 (class 2606 OID 431513)
-- Name: hc_case_types hc_case_types_full_form_unique; Type: CONSTRAINT; Schema: public; Owner: -
--

ALTER TABLE ONLY public.hc_case_types
    ADD CONSTRAINT hc_case_types_full_form_unique UNIQUE (full_form);


--
-- TOC entry 2222 (class 2606 OID 431509)
-- Name: hc_case_types hc_case_types_pkey; Type: CONSTRAINT; Schema: public; Owner: -
--

ALTER TABLE ONLY public.hc_case_types
    ADD CONSTRAINT hc_case_types_pkey PRIMARY KEY (id);


--
-- TOC entry 2224 (class 2606 OID 431511)
-- Name: hc_case_types hc_case_types_type_name_unique; Type: CONSTRAINT; Schema: public; Owner: -
--

ALTER TABLE ONLY public.hc_case_types
    ADD CONSTRAINT hc_case_types_type_name_unique UNIQUE (type_name);


--
-- TOC entry 2266 (class 2606 OID 448382)
-- Name: history_deleted_data history_deleted_data_pkey; Type: CONSTRAINT; Schema: public; Owner: -
--

ALTER TABLE ONLY public.history_deleted_data
    ADD CONSTRAINT history_deleted_data_pkey PRIMARY KEY (id);


--
-- TOC entry 2264 (class 2606 OID 448371)
-- Name: history_updated_data history_updated_data_pkey; Type: CONSTRAINT; Schema: public; Owner: -
--

ALTER TABLE ONLY public.history_updated_data
    ADD CONSTRAINT history_updated_data_pkey PRIMARY KEY (id);


--
-- TOC entry 2278 (class 2606 OID 448482)
-- Name: jo_legal_experiences jo_legal_experiences_pkey; Type: CONSTRAINT; Schema: public; Owner: -
--

ALTER TABLE ONLY public.jo_legal_experiences
    ADD CONSTRAINT jo_legal_experiences_pkey PRIMARY KEY (id);


--
-- TOC entry 2200 (class 2606 OID 431332)
-- Name: jo_photos jo_photos_pkey; Type: CONSTRAINT; Schema: public; Owner: -
--

ALTER TABLE ONLY public.jo_photos
    ADD CONSTRAINT jo_photos_pkey PRIMARY KEY (id);


--
-- TOC entry 2272 (class 2606 OID 448456)
-- Name: jo_reporting_reviewings jo_reporting_reviewings_judicial_officer_id_reporting_officer_i; Type: CONSTRAINT; Schema: public; Owner: -
--

ALTER TABLE ONLY public.jo_reporting_reviewings
    ADD CONSTRAINT jo_reporting_reviewings_judicial_officer_id_reporting_officer_i UNIQUE (judicial_officer_id, reporting_officer_id);


--
-- TOC entry 2274 (class 2606 OID 448454)
-- Name: jo_reporting_reviewings jo_reporting_reviewings_pkey; Type: CONSTRAINT; Schema: public; Owner: -
--

ALTER TABLE ONLY public.jo_reporting_reviewings
    ADD CONSTRAINT jo_reporting_reviewings_pkey PRIMARY KEY (id);


--
-- TOC entry 2268 (class 2606 OID 448431)
-- Name: jo_reportings jo_reportings_judicial_officer_id_posting_id_unique; Type: CONSTRAINT; Schema: public; Owner: -
--

ALTER TABLE ONLY public.jo_reportings
    ADD CONSTRAINT jo_reportings_judicial_officer_id_posting_id_unique UNIQUE (judicial_officer_id, posting_id);


--
-- TOC entry 2270 (class 2606 OID 448429)
-- Name: jo_reportings jo_reportings_pkey; Type: CONSTRAINT; Schema: public; Owner: -
--

ALTER TABLE ONLY public.jo_reportings
    ADD CONSTRAINT jo_reportings_pkey PRIMARY KEY (id);


--
-- TOC entry 2242 (class 2606 OID 431583)
-- Name: jo_zone_tenures jo_zone_tenures_judicial_officer_id_zone_id_from_date_unique; Type: CONSTRAINT; Schema: public; Owner: -
--

ALTER TABLE ONLY public.jo_zone_tenures
    ADD CONSTRAINT jo_zone_tenures_judicial_officer_id_zone_id_from_date_unique UNIQUE (judicial_officer_id, zone_id, from_date);


--
-- TOC entry 2244 (class 2606 OID 431581)
-- Name: jo_zone_tenures jo_zone_tenures_pkey; Type: CONSTRAINT; Schema: public; Owner: -
--

ALTER TABLE ONLY public.jo_zone_tenures
    ADD CONSTRAINT jo_zone_tenures_pkey PRIMARY KEY (id);


--
-- TOC entry 2214 (class 2606 OID 431428)
-- Name: judicial_officer_posting_preferences judicial_officer_posting_preferences_pkey; Type: CONSTRAINT; Schema: public; Owner: -
--

ALTER TABLE ONLY public.judicial_officer_posting_preferences
    ADD CONSTRAINT judicial_officer_posting_preferences_pkey PRIMARY KEY (id);


--
-- TOC entry 2210 (class 2606 OID 431397)
-- Name: judicial_officer_postings judicial_officer_postings_judicial_officer_id_designation_id_co; Type: CONSTRAINT; Schema: public; Owner: -
--

ALTER TABLE ONLY public.judicial_officer_postings
    ADD CONSTRAINT judicial_officer_postings_judicial_officer_id_designation_id_co UNIQUE (judicial_officer_id, designation_id, court_id, mode_id, from_date);


--
-- TOC entry 2212 (class 2606 OID 431395)
-- Name: judicial_officer_postings judicial_officer_postings_pkey; Type: CONSTRAINT; Schema: public; Owner: -
--

ALTER TABLE ONLY public.judicial_officer_postings
    ADD CONSTRAINT judicial_officer_postings_pkey PRIMARY KEY (id);


--
-- TOC entry 2202 (class 2606 OID 431347)
-- Name: judicial_officer_qualifications judicial_officer_qualifications_judicial_officer_id_qualificati; Type: CONSTRAINT; Schema: public; Owner: -
--

ALTER TABLE ONLY public.judicial_officer_qualifications
    ADD CONSTRAINT judicial_officer_qualifications_judicial_officer_id_qualificati UNIQUE (judicial_officer_id, qualification_id);


--
-- TOC entry 2204 (class 2606 OID 431345)
-- Name: judicial_officer_qualifications judicial_officer_qualifications_pkey; Type: CONSTRAINT; Schema: public; Owner: -
--

ALTER TABLE ONLY public.judicial_officer_qualifications
    ADD CONSTRAINT judicial_officer_qualifications_pkey PRIMARY KEY (id);


--
-- TOC entry 2180 (class 2606 OID 431309)
-- Name: judicial_officers judicial_officers_aadhaar_no_unique; Type: CONSTRAINT; Schema: public; Owner: -
--

ALTER TABLE ONLY public.judicial_officers
    ADD CONSTRAINT judicial_officers_aadhaar_no_unique UNIQUE (aadhaar_no);


--
-- TOC entry 2182 (class 2606 OID 431319)
-- Name: judicial_officers judicial_officers_email_id_1_unique; Type: CONSTRAINT; Schema: public; Owner: -
--

ALTER TABLE ONLY public.judicial_officers
    ADD CONSTRAINT judicial_officers_email_id_1_unique UNIQUE (email_id_1);


--
-- TOC entry 2184 (class 2606 OID 431321)
-- Name: judicial_officers judicial_officers_email_id_2_unique; Type: CONSTRAINT; Schema: public; Owner: -
--

ALTER TABLE ONLY public.judicial_officers
    ADD CONSTRAINT judicial_officers_email_id_2_unique UNIQUE (email_id_2);


--
-- TOC entry 2186 (class 2606 OID 431313)
-- Name: judicial_officers judicial_officers_gpf_no_unique; Type: CONSTRAINT; Schema: public; Owner: -
--

ALTER TABLE ONLY public.judicial_officers
    ADD CONSTRAINT judicial_officers_gpf_no_unique UNIQUE (gpf_no);


--
-- TOC entry 2188 (class 2606 OID 448281)
-- Name: judicial_officers judicial_officers_jo_code_unique; Type: CONSTRAINT; Schema: public; Owner: -
--

ALTER TABLE ONLY public.judicial_officers
    ADD CONSTRAINT judicial_officers_jo_code_unique UNIQUE (jo_code);


--
-- TOC entry 2190 (class 2606 OID 431315)
-- Name: judicial_officers judicial_officers_mobile_no_1_unique; Type: CONSTRAINT; Schema: public; Owner: -
--

ALTER TABLE ONLY public.judicial_officers
    ADD CONSTRAINT judicial_officers_mobile_no_1_unique UNIQUE (mobile_no_1);


--
-- TOC entry 2192 (class 2606 OID 431317)
-- Name: judicial_officers judicial_officers_mobile_no_2_unique; Type: CONSTRAINT; Schema: public; Owner: -
--

ALTER TABLE ONLY public.judicial_officers
    ADD CONSTRAINT judicial_officers_mobile_no_2_unique UNIQUE (mobile_no_2);


--
-- TOC entry 2194 (class 2606 OID 431311)
-- Name: judicial_officers judicial_officers_pan_no_unique; Type: CONSTRAINT; Schema: public; Owner: -
--

ALTER TABLE ONLY public.judicial_officers
    ADD CONSTRAINT judicial_officers_pan_no_unique UNIQUE (pan_no);


--
-- TOC entry 2196 (class 2606 OID 431278)
-- Name: judicial_officers judicial_officers_pkey; Type: CONSTRAINT; Schema: public; Owner: -
--

ALTER TABLE ONLY public.judicial_officers
    ADD CONSTRAINT judicial_officers_pkey PRIMARY KEY (id);


--
-- TOC entry 2198 (class 2606 OID 431305)
-- Name: judicial_officers judicial_officers_registration_no_unique; Type: CONSTRAINT; Schema: public; Owner: -
--

ALTER TABLE ONLY public.judicial_officers
    ADD CONSTRAINT judicial_officers_registration_no_unique UNIQUE (registration_no);


--
-- TOC entry 2260 (class 2606 OID 448128)
-- Name: lcr_hc_ends lcr_hc_ends_memo_no_memo_date_unique; Type: CONSTRAINT; Schema: public; Owner: -
--

ALTER TABLE ONLY public.lcr_hc_ends
    ADD CONSTRAINT lcr_hc_ends_memo_no_memo_date_unique UNIQUE (memo_no, memo_date);


--
-- TOC entry 2262 (class 2606 OID 448126)
-- Name: lcr_hc_ends lcr_hc_ends_pkey; Type: CONSTRAINT; Schema: public; Owner: -
--

ALTER TABLE ONLY public.lcr_hc_ends
    ADD CONSTRAINT lcr_hc_ends_pkey PRIMARY KEY (id);


--
-- TOC entry 2218 (class 2606 OID 431493)
-- Name: lcr_lc_details lcr_lc_details_pkey; Type: CONSTRAINT; Schema: public; Owner: -
--

ALTER TABLE ONLY public.lcr_lc_details
    ADD CONSTRAINT lcr_lc_details_pkey PRIMARY KEY (id);


--
-- TOC entry 2258 (class 2606 OID 431640)
-- Name: lcr_status_checks lcr_status_checks_pkey; Type: CONSTRAINT; Schema: public; Owner: -
--

ALTER TABLE ONLY public.lcr_status_checks
    ADD CONSTRAINT lcr_status_checks_pkey PRIMARY KEY (id);


--
-- TOC entry 2226 (class 2606 OID 431521)
-- Name: lower_case_types lower_case_types_pkey; Type: CONSTRAINT; Schema: public; Owner: -
--

ALTER TABLE ONLY public.lower_case_types
    ADD CONSTRAINT lower_case_types_pkey PRIMARY KEY (id);


--
-- TOC entry 2228 (class 2606 OID 431523)
-- Name: lower_case_types lower_case_types_type_name_unique; Type: CONSTRAINT; Schema: public; Owner: -
--

ALTER TABLE ONLY public.lower_case_types
    ADD CONSTRAINT lower_case_types_type_name_unique UNIQUE (type_name);


--
-- TOC entry 2135 (class 2606 OID 431132)
-- Name: migrations migrations_pkey; Type: CONSTRAINT; Schema: public; Owner: -
--

ALTER TABLE ONLY public.migrations
    ADD CONSTRAINT migrations_pkey PRIMARY KEY (id);


--
-- TOC entry 2206 (class 2606 OID 431385)
-- Name: modes modes_pkey; Type: CONSTRAINT; Schema: public; Owner: -
--

ALTER TABLE ONLY public.modes
    ADD CONSTRAINT modes_pkey PRIMARY KEY (id);


--
-- TOC entry 2208 (class 2606 OID 431387)
-- Name: modes modes_posting_mode_unique; Type: CONSTRAINT; Schema: public; Owner: -
--

ALTER TABLE ONLY public.modes
    ADD CONSTRAINT modes_posting_mode_unique UNIQUE (posting_mode);


--
-- TOC entry 2160 (class 2606 OID 431225)
-- Name: qualifications qualifications_pkey; Type: CONSTRAINT; Schema: public; Owner: -
--

ALTER TABLE ONLY public.qualifications
    ADD CONSTRAINT qualifications_pkey PRIMARY KEY (id);


--
-- TOC entry 2162 (class 2606 OID 431227)
-- Name: qualifications qualifications_qualification_name_unique; Type: CONSTRAINT; Schema: public; Owner: -
--

ALTER TABLE ONLY public.qualifications
    ADD CONSTRAINT qualifications_qualification_name_unique UNIQUE (qualification_name);


--
-- TOC entry 2176 (class 2606 OID 431265)
-- Name: recruitment_batches recruitment_batches_pkey; Type: CONSTRAINT; Schema: public; Owner: -
--

ALTER TABLE ONLY public.recruitment_batches
    ADD CONSTRAINT recruitment_batches_pkey PRIMARY KEY (id);


--
-- TOC entry 2178 (class 2606 OID 431267)
-- Name: recruitment_batches recruitment_batches_recruitment_batch_desc_unique; Type: CONSTRAINT; Schema: public; Owner: -
--

ALTER TABLE ONLY public.recruitment_batches
    ADD CONSTRAINT recruitment_batches_recruitment_batch_desc_unique UNIQUE (recruitment_batch_desc);


--
-- TOC entry 2172 (class 2606 OID 431255)
-- Name: religions religions_pkey; Type: CONSTRAINT; Schema: public; Owner: -
--

ALTER TABLE ONLY public.religions
    ADD CONSTRAINT religions_pkey PRIMARY KEY (id);


--
-- TOC entry 2174 (class 2606 OID 431257)
-- Name: religions religions_religion_name_unique; Type: CONSTRAINT; Schema: public; Owner: -
--

ALTER TABLE ONLY public.religions
    ADD CONSTRAINT religions_religion_name_unique UNIQUE (religion_name);


--
-- TOC entry 2140 (class 2606 OID 431155)
-- Name: states states_pkey; Type: CONSTRAINT; Schema: public; Owner: -
--

ALTER TABLE ONLY public.states
    ADD CONSTRAINT states_pkey PRIMARY KEY (id);


--
-- TOC entry 2142 (class 2606 OID 431157)
-- Name: states states_state_name_unique; Type: CONSTRAINT; Schema: public; Owner: -
--

ALTER TABLE ONLY public.states
    ADD CONSTRAINT states_state_name_unique UNIQUE (state_name);


--
-- TOC entry 2152 (class 2606 OID 431190)
-- Name: subdivisions subdivisions_pkey; Type: CONSTRAINT; Schema: public; Owner: -
--

ALTER TABLE ONLY public.subdivisions
    ADD CONSTRAINT subdivisions_pkey PRIMARY KEY (id);


--
-- TOC entry 2154 (class 2606 OID 431192)
-- Name: subdivisions subdivisions_subdivision_name_district_id_unique; Type: CONSTRAINT; Schema: public; Owner: -
--

ALTER TABLE ONLY public.subdivisions
    ADD CONSTRAINT subdivisions_subdivision_name_district_id_unique UNIQUE (subdivision_name, district_id);


--
-- TOC entry 2137 (class 2606 OID 431140)
-- Name: user_types user_types_pkey; Type: CONSTRAINT; Schema: public; Owner: -
--

ALTER TABLE ONLY public.user_types
    ADD CONSTRAINT user_types_pkey PRIMARY KEY (id);


--
-- TOC entry 2246 (class 2606 OID 431621)
-- Name: users users_court_id_unique; Type: CONSTRAINT; Schema: public; Owner: -
--

ALTER TABLE ONLY public.users
    ADD CONSTRAINT users_court_id_unique UNIQUE (court_id);


--
-- TOC entry 2248 (class 2606 OID 431627)
-- Name: users users_department_id_unique; Type: CONSTRAINT; Schema: public; Owner: -
--

ALTER TABLE ONLY public.users
    ADD CONSTRAINT users_department_id_unique UNIQUE (department_id);


--
-- TOC entry 2250 (class 2606 OID 431629)
-- Name: users users_email_unique; Type: CONSTRAINT; Schema: public; Owner: -
--

ALTER TABLE ONLY public.users
    ADD CONSTRAINT users_email_unique UNIQUE (email);


--
-- TOC entry 2252 (class 2606 OID 431625)
-- Name: users users_jo_code_unique; Type: CONSTRAINT; Schema: public; Owner: -
--

ALTER TABLE ONLY public.users
    ADD CONSTRAINT users_jo_code_unique UNIQUE (jo_code);


--
-- TOC entry 2254 (class 2606 OID 431623)
-- Name: users users_judicial_officer_id_unique; Type: CONSTRAINT; Schema: public; Owner: -
--

ALTER TABLE ONLY public.users
    ADD CONSTRAINT users_judicial_officer_id_unique UNIQUE (judicial_officer_id);


--
-- TOC entry 2256 (class 2606 OID 431604)
-- Name: users users_pkey; Type: CONSTRAINT; Schema: public; Owner: -
--

ALTER TABLE ONLY public.users
    ADD CONSTRAINT users_pkey PRIMARY KEY (id);


--
-- TOC entry 2238 (class 2606 OID 431561)
-- Name: zone_subdivisions zone_subdivisions_pkey; Type: CONSTRAINT; Schema: public; Owner: -
--

ALTER TABLE ONLY public.zone_subdivisions
    ADD CONSTRAINT zone_subdivisions_pkey PRIMARY KEY (id);


--
-- TOC entry 2240 (class 2606 OID 431563)
-- Name: zone_subdivisions zone_subdivisions_zone_id_subdivision_id_unique; Type: CONSTRAINT; Schema: public; Owner: -
--

ALTER TABLE ONLY public.zone_subdivisions
    ADD CONSTRAINT zone_subdivisions_zone_id_subdivision_id_unique UNIQUE (zone_id, subdivision_id);


--
-- TOC entry 2144 (class 2606 OID 431165)
-- Name: zones zones_pkey; Type: CONSTRAINT; Schema: public; Owner: -
--

ALTER TABLE ONLY public.zones
    ADD CONSTRAINT zones_pkey PRIMARY KEY (id);


--
-- TOC entry 2146 (class 2606 OID 431167)
-- Name: zones zones_zone_name_unique; Type: CONSTRAINT; Schema: public; Owner: -
--

ALTER TABLE ONLY public.zones
    ADD CONSTRAINT zones_zone_name_unique UNIQUE (zone_name);


--
-- TOC entry 2138 (class 1259 OID 431147)
-- Name: password_resets_email_index; Type: INDEX; Schema: public; Owner: -
--

CREATE INDEX password_resets_email_index ON public.password_resets USING btree (email);


--
-- TOC entry 2318 (class 2620 OID 448385)
-- Name: judicial_officers movedeleted; Type: TRIGGER; Schema: public; Owner: -
--

CREATE TRIGGER movedeleted BEFORE DELETE ON public.judicial_officers FOR EACH ROW EXECUTE PROCEDURE public.movedeleted();


--
-- TOC entry 2320 (class 2620 OID 448387)
-- Name: judicial_officer_qualifications movedeleted; Type: TRIGGER; Schema: public; Owner: -
--

CREATE TRIGGER movedeleted BEFORE DELETE ON public.judicial_officer_qualifications FOR EACH ROW EXECUTE PROCEDURE public.movedeleted();


--
-- TOC entry 2322 (class 2620 OID 448389)
-- Name: judicial_officer_postings movedeleted; Type: TRIGGER; Schema: public; Owner: -
--

CREATE TRIGGER movedeleted BEFORE DELETE ON public.judicial_officer_postings FOR EACH ROW EXECUTE PROCEDURE public.movedeleted();


--
-- TOC entry 2319 (class 2620 OID 448386)
-- Name: judicial_officers moveupdated; Type: TRIGGER; Schema: public; Owner: -
--

CREATE TRIGGER moveupdated BEFORE UPDATE ON public.judicial_officers FOR EACH ROW EXECUTE PROCEDURE public.moveupdated();


--
-- TOC entry 2321 (class 2620 OID 448388)
-- Name: judicial_officer_qualifications moveupdated; Type: TRIGGER; Schema: public; Owner: -
--

CREATE TRIGGER moveupdated BEFORE UPDATE ON public.judicial_officer_qualifications FOR EACH ROW EXECUTE PROCEDURE public.moveupdated();


--
-- TOC entry 2323 (class 2620 OID 448390)
-- Name: judicial_officer_postings moveupdated; Type: TRIGGER; Schema: public; Owner: -
--

CREATE TRIGGER moveupdated BEFORE UPDATE ON public.judicial_officer_postings FOR EACH ROW EXECUTE PROCEDURE public.moveupdated();


--
-- TOC entry 2299 (class 2606 OID 431549)
-- Name: acr_histories acr_histories_grade_id_foreign; Type: FK CONSTRAINT; Schema: public; Owner: -
--

ALTER TABLE ONLY public.acr_histories
    ADD CONSTRAINT acr_histories_grade_id_foreign FOREIGN KEY (grade_id) REFERENCES public.grade_details(id);


--
-- TOC entry 2298 (class 2606 OID 431544)
-- Name: acr_histories acr_histories_judicial_officer_id_foreign; Type: FK CONSTRAINT; Schema: public; Owner: -
--

ALTER TABLE ONLY public.acr_histories
    ADD CONSTRAINT acr_histories_judicial_officer_id_foreign FOREIGN KEY (judicial_officer_id) REFERENCES public.judicial_officers(id);


--
-- TOC entry 2282 (class 2606 OID 431211)
-- Name: courts courts_subdivision_id_foreign; Type: FK CONSTRAINT; Schema: public; Owner: -
--

ALTER TABLE ONLY public.courts
    ADD CONSTRAINT courts_subdivision_id_foreign FOREIGN KEY (subdivision_id) REFERENCES public.subdivisions(id);


--
-- TOC entry 2297 (class 2606 OID 431450)
-- Name: diaries diaries_judicial_officer_id_foreign; Type: FK CONSTRAINT; Schema: public; Owner: -
--

ALTER TABLE ONLY public.diaries
    ADD CONSTRAINT diaries_judicial_officer_id_foreign FOREIGN KEY (judicial_officer_id) REFERENCES public.judicial_officers(id);


--
-- TOC entry 2279 (class 2606 OID 431176)
-- Name: districts districts_state_id_foreign; Type: FK CONSTRAINT; Schema: public; Owner: -
--

ALTER TABLE ONLY public.districts
    ADD CONSTRAINT districts_state_id_foreign FOREIGN KEY (state_id) REFERENCES public.states(id);


--
-- TOC entry 2316 (class 2606 OID 448483)
-- Name: jo_legal_experiences jo_legal_experiences_judicial_officer_id_foreign; Type: FK CONSTRAINT; Schema: public; Owner: -
--

ALTER TABLE ONLY public.jo_legal_experiences
    ADD CONSTRAINT jo_legal_experiences_judicial_officer_id_foreign FOREIGN KEY (judicial_officer_id) REFERENCES public.judicial_officers(id);


--
-- TOC entry 2317 (class 2606 OID 448488)
-- Name: jo_legal_experiences jo_legal_experiences_subdivision_id_foreign; Type: FK CONSTRAINT; Schema: public; Owner: -
--

ALTER TABLE ONLY public.jo_legal_experiences
    ADD CONSTRAINT jo_legal_experiences_subdivision_id_foreign FOREIGN KEY (subdivision_id) REFERENCES public.subdivisions(id);


--
-- TOC entry 2288 (class 2606 OID 431333)
-- Name: jo_photos jo_photos_judicial_officer_id_foreign; Type: FK CONSTRAINT; Schema: public; Owner: -
--

ALTER TABLE ONLY public.jo_photos
    ADD CONSTRAINT jo_photos_judicial_officer_id_foreign FOREIGN KEY (judicial_officer_id) REFERENCES public.judicial_officers(id);


--
-- TOC entry 2314 (class 2606 OID 448457)
-- Name: jo_reporting_reviewings jo_reporting_reviewings_judicial_officer_id_foreign; Type: FK CONSTRAINT; Schema: public; Owner: -
--

ALTER TABLE ONLY public.jo_reporting_reviewings
    ADD CONSTRAINT jo_reporting_reviewings_judicial_officer_id_foreign FOREIGN KEY (judicial_officer_id) REFERENCES public.judicial_officers(id);


--
-- TOC entry 2315 (class 2606 OID 448462)
-- Name: jo_reporting_reviewings jo_reporting_reviewings_reporting_officer_id_foreign; Type: FK CONSTRAINT; Schema: public; Owner: -
--

ALTER TABLE ONLY public.jo_reporting_reviewings
    ADD CONSTRAINT jo_reporting_reviewings_reporting_officer_id_foreign FOREIGN KEY (reporting_officer_id) REFERENCES public.judicial_officers(id);


--
-- TOC entry 2311 (class 2606 OID 448432)
-- Name: jo_reportings jo_reportings_judicial_officer_id_foreign; Type: FK CONSTRAINT; Schema: public; Owner: -
--

ALTER TABLE ONLY public.jo_reportings
    ADD CONSTRAINT jo_reportings_judicial_officer_id_foreign FOREIGN KEY (judicial_officer_id) REFERENCES public.judicial_officers(id);


--
-- TOC entry 2313 (class 2606 OID 448442)
-- Name: jo_reportings jo_reportings_posting_id_foreign; Type: FK CONSTRAINT; Schema: public; Owner: -
--

ALTER TABLE ONLY public.jo_reportings
    ADD CONSTRAINT jo_reportings_posting_id_foreign FOREIGN KEY (posting_id) REFERENCES public.judicial_officer_postings(id);


--
-- TOC entry 2312 (class 2606 OID 448437)
-- Name: jo_reportings jo_reportings_reporting_officer_id_foreign; Type: FK CONSTRAINT; Schema: public; Owner: -
--

ALTER TABLE ONLY public.jo_reportings
    ADD CONSTRAINT jo_reportings_reporting_officer_id_foreign FOREIGN KEY (reporting_officer_id) REFERENCES public.judicial_officers(id);


--
-- TOC entry 2302 (class 2606 OID 431584)
-- Name: jo_zone_tenures jo_zone_tenures_judicial_officer_id_foreign; Type: FK CONSTRAINT; Schema: public; Owner: -
--

ALTER TABLE ONLY public.jo_zone_tenures
    ADD CONSTRAINT jo_zone_tenures_judicial_officer_id_foreign FOREIGN KEY (judicial_officer_id) REFERENCES public.judicial_officers(id);


--
-- TOC entry 2303 (class 2606 OID 431589)
-- Name: jo_zone_tenures jo_zone_tenures_zone_id_foreign; Type: FK CONSTRAINT; Schema: public; Owner: -
--

ALTER TABLE ONLY public.jo_zone_tenures
    ADD CONSTRAINT jo_zone_tenures_zone_id_foreign FOREIGN KEY (zone_id) REFERENCES public.zones(id);


--
-- TOC entry 2295 (class 2606 OID 431429)
-- Name: judicial_officer_posting_preferences judicial_officer_posting_preferences_judicial_officer_id_foreig; Type: FK CONSTRAINT; Schema: public; Owner: -
--

ALTER TABLE ONLY public.judicial_officer_posting_preferences
    ADD CONSTRAINT judicial_officer_posting_preferences_judicial_officer_id_foreig FOREIGN KEY (judicial_officer_id) REFERENCES public.judicial_officers(id);


--
-- TOC entry 2296 (class 2606 OID 431434)
-- Name: judicial_officer_posting_preferences judicial_officer_posting_preferences_zone_id_foreign; Type: FK CONSTRAINT; Schema: public; Owner: -
--

ALTER TABLE ONLY public.judicial_officer_posting_preferences
    ADD CONSTRAINT judicial_officer_posting_preferences_zone_id_foreign FOREIGN KEY (zone_id) REFERENCES public.zones(id);


--
-- TOC entry 2293 (class 2606 OID 431408)
-- Name: judicial_officer_postings judicial_officer_postings_court_id_foreign; Type: FK CONSTRAINT; Schema: public; Owner: -
--

ALTER TABLE ONLY public.judicial_officer_postings
    ADD CONSTRAINT judicial_officer_postings_court_id_foreign FOREIGN KEY (court_id) REFERENCES public.courts(id);


--
-- TOC entry 2292 (class 2606 OID 431403)
-- Name: judicial_officer_postings judicial_officer_postings_designation_id_foreign; Type: FK CONSTRAINT; Schema: public; Owner: -
--

ALTER TABLE ONLY public.judicial_officer_postings
    ADD CONSTRAINT judicial_officer_postings_designation_id_foreign FOREIGN KEY (designation_id) REFERENCES public.designations(id);


--
-- TOC entry 2291 (class 2606 OID 431398)
-- Name: judicial_officer_postings judicial_officer_postings_judicial_officer_id_foreign; Type: FK CONSTRAINT; Schema: public; Owner: -
--

ALTER TABLE ONLY public.judicial_officer_postings
    ADD CONSTRAINT judicial_officer_postings_judicial_officer_id_foreign FOREIGN KEY (judicial_officer_id) REFERENCES public.judicial_officers(id);


--
-- TOC entry 2294 (class 2606 OID 431413)
-- Name: judicial_officer_postings judicial_officer_postings_mode_id_foreign; Type: FK CONSTRAINT; Schema: public; Owner: -
--

ALTER TABLE ONLY public.judicial_officer_postings
    ADD CONSTRAINT judicial_officer_postings_mode_id_foreign FOREIGN KEY (mode_id) REFERENCES public.modes(id);


--
-- TOC entry 2289 (class 2606 OID 431348)
-- Name: judicial_officer_qualifications judicial_officer_qualifications_judicial_officer_id_foreign; Type: FK CONSTRAINT; Schema: public; Owner: -
--

ALTER TABLE ONLY public.judicial_officer_qualifications
    ADD CONSTRAINT judicial_officer_qualifications_judicial_officer_id_foreign FOREIGN KEY (judicial_officer_id) REFERENCES public.judicial_officers(id);


--
-- TOC entry 2290 (class 2606 OID 431353)
-- Name: judicial_officer_qualifications judicial_officer_qualifications_qualification_id_foreign; Type: FK CONSTRAINT; Schema: public; Owner: -
--

ALTER TABLE ONLY public.judicial_officer_qualifications
    ADD CONSTRAINT judicial_officer_qualifications_qualification_id_foreign FOREIGN KEY (qualification_id) REFERENCES public.qualifications(id);


--
-- TOC entry 2285 (class 2606 OID 431289)
-- Name: judicial_officers judicial_officers_category_id_foreign; Type: FK CONSTRAINT; Schema: public; Owner: -
--

ALTER TABLE ONLY public.judicial_officers
    ADD CONSTRAINT judicial_officers_category_id_foreign FOREIGN KEY (category_id) REFERENCES public.categories(id);


--
-- TOC entry 2283 (class 2606 OID 431279)
-- Name: judicial_officers judicial_officers_home_district_id_foreign; Type: FK CONSTRAINT; Schema: public; Owner: -
--

ALTER TABLE ONLY public.judicial_officers
    ADD CONSTRAINT judicial_officers_home_district_id_foreign FOREIGN KEY (home_district_id) REFERENCES public.districts(id);


--
-- TOC entry 2284 (class 2606 OID 431284)
-- Name: judicial_officers judicial_officers_home_state_id_foreign; Type: FK CONSTRAINT; Schema: public; Owner: -
--

ALTER TABLE ONLY public.judicial_officers
    ADD CONSTRAINT judicial_officers_home_state_id_foreign FOREIGN KEY (home_state_id) REFERENCES public.states(id);


--
-- TOC entry 2287 (class 2606 OID 431299)
-- Name: judicial_officers judicial_officers_recruitment_batch_id_foreign; Type: FK CONSTRAINT; Schema: public; Owner: -
--

ALTER TABLE ONLY public.judicial_officers
    ADD CONSTRAINT judicial_officers_recruitment_batch_id_foreign FOREIGN KEY (recruitment_batch_id) REFERENCES public.recruitment_batches(id);


--
-- TOC entry 2286 (class 2606 OID 431294)
-- Name: judicial_officers judicial_officers_religion_id_foreign; Type: FK CONSTRAINT; Schema: public; Owner: -
--

ALTER TABLE ONLY public.judicial_officers
    ADD CONSTRAINT judicial_officers_religion_id_foreign FOREIGN KEY (religion_id) REFERENCES public.religions(id);


--
-- TOC entry 2307 (class 2606 OID 448129)
-- Name: lcr_hc_ends lcr_hc_ends_court_foreign; Type: FK CONSTRAINT; Schema: public; Owner: -
--

ALTER TABLE ONLY public.lcr_hc_ends
    ADD CONSTRAINT lcr_hc_ends_court_foreign FOREIGN KEY (court) REFERENCES public.courts(id);


--
-- TOC entry 2310 (class 2606 OID 448144)
-- Name: lcr_hc_ends lcr_hc_ends_district_foreign; Type: FK CONSTRAINT; Schema: public; Owner: -
--

ALTER TABLE ONLY public.lcr_hc_ends
    ADD CONSTRAINT lcr_hc_ends_district_foreign FOREIGN KEY (district) REFERENCES public.districts(id);


--
-- TOC entry 2308 (class 2606 OID 448134)
-- Name: lcr_hc_ends lcr_hc_ends_forwarding_court_foreign; Type: FK CONSTRAINT; Schema: public; Owner: -
--

ALTER TABLE ONLY public.lcr_hc_ends
    ADD CONSTRAINT lcr_hc_ends_forwarding_court_foreign FOREIGN KEY (forwarding_court) REFERENCES public.courts(id);


--
-- TOC entry 2309 (class 2606 OID 448139)
-- Name: lcr_hc_ends lcr_hc_ends_subdivision_foreign; Type: FK CONSTRAINT; Schema: public; Owner: -
--

ALTER TABLE ONLY public.lcr_hc_ends
    ADD CONSTRAINT lcr_hc_ends_subdivision_foreign FOREIGN KEY (subdivision) REFERENCES public.subdivisions(id);


--
-- TOC entry 2280 (class 2606 OID 431193)
-- Name: subdivisions subdivisions_district_id_foreign; Type: FK CONSTRAINT; Schema: public; Owner: -
--

ALTER TABLE ONLY public.subdivisions
    ADD CONSTRAINT subdivisions_district_id_foreign FOREIGN KEY (district_id) REFERENCES public.districts(id);


--
-- TOC entry 2281 (class 2606 OID 431198)
-- Name: subdivisions subdivisions_zone_id_foreign; Type: FK CONSTRAINT; Schema: public; Owner: -
--

ALTER TABLE ONLY public.subdivisions
    ADD CONSTRAINT subdivisions_zone_id_foreign FOREIGN KEY (zone_id) REFERENCES public.zones(id);


--
-- TOC entry 2304 (class 2606 OID 431605)
-- Name: users users_court_id_foreign; Type: FK CONSTRAINT; Schema: public; Owner: -
--

ALTER TABLE ONLY public.users
    ADD CONSTRAINT users_court_id_foreign FOREIGN KEY (court_id) REFERENCES public.courts(id);


--
-- TOC entry 2305 (class 2606 OID 431610)
-- Name: users users_judicial_officer_id_foreign; Type: FK CONSTRAINT; Schema: public; Owner: -
--

ALTER TABLE ONLY public.users
    ADD CONSTRAINT users_judicial_officer_id_foreign FOREIGN KEY (judicial_officer_id) REFERENCES public.judicial_officers(id);


--
-- TOC entry 2306 (class 2606 OID 431615)
-- Name: users users_user_type_id_foreign; Type: FK CONSTRAINT; Schema: public; Owner: -
--

ALTER TABLE ONLY public.users
    ADD CONSTRAINT users_user_type_id_foreign FOREIGN KEY (user_type_id) REFERENCES public.user_types(id);


--
-- TOC entry 2301 (class 2606 OID 431569)
-- Name: zone_subdivisions zone_subdivisions_subdivision_id_foreign; Type: FK CONSTRAINT; Schema: public; Owner: -
--

ALTER TABLE ONLY public.zone_subdivisions
    ADD CONSTRAINT zone_subdivisions_subdivision_id_foreign FOREIGN KEY (subdivision_id) REFERENCES public.subdivisions(id);


--
-- TOC entry 2300 (class 2606 OID 431564)
-- Name: zone_subdivisions zone_subdivisions_zone_id_foreign; Type: FK CONSTRAINT; Schema: public; Owner: -
--

ALTER TABLE ONLY public.zone_subdivisions
    ADD CONSTRAINT zone_subdivisions_zone_id_foreign FOREIGN KEY (zone_id) REFERENCES public.zones(id);


-- Completed on 2019-11-28 18:03:57

--
-- PostgreSQL database dump complete
--

